FIPS,Name,State,FIPS5
1001,Autauga,AL,01001
1003,Baldwin,AL,01003
1005,Barbour,AL,01005
1007,Bibb,AL,01007
1009,Blount,AL,01009
1011,Bullock,AL,01011
1013,Butler,AL,01013
1015,Calhoun,AL,01015
1017,Chambers,AL,01017
1019,Cherokee,AL,01019
1021,Chilton,AL,01021
1023,Choctaw,AL,01023
1025,Clarke,AL,01025
1027,Clay,AL,01027
1029,Cleburne,AL,01029
1031,Coffee,AL,01031
1033,Colbert,AL,01033
1035,Conecuh,AL,01035
1037,Coosa,AL,01037
1039,Covington,AL,01039
1041,Crenshaw,AL,01041
1043,Cullman,AL,01043
1045,Dale,AL,01045
1047,Dallas,AL,01047
1049,De Kalb,AL,01049
1051,Elmore,AL,01051
1053,Escambia,AL,01053
1055,Etowah,AL,01055
1057,Fayette,AL,01057
1059,Franklin,AL,01059
1061,Geneva,AL,01061
1063,Greene,AL,01063
1065,Hale,AL,01065
1067,Henry,AL,01067
1069,Houston,AL,01069
1071,Jackson,AL,01071
1073,Jefferson,AL,01073
1075,Lamar,AL,01075
1077,Lauderdale,AL,01077
1079,Lawrence,AL,01079
1081,Lee,AL,01081
1083,Limestone,AL,01083
1085,Lowndes,AL,01085
1087,Macon,AL,01087
1089,Madison,AL,01089
1091,Marengo,AL,01091
1093,Marion,AL,01093
1095,Marshall,AL,01095
1097,Mobile,AL,01097
1099,Monroe,AL,01099
1101,Montgomery,AL,01101
1103,Morgan,AL,01103
1105,Perry,AL,01105
1107,Pickens,AL,01107
1109,Pike,AL,01109
1111,Randolph,AL,01111
1113,Russell,AL,01113
1115,St Clair,AL,01115
1117,Shelby,AL,01117
1119,Sumter,AL,01119
1121,Talladega,AL,01121
1123,Tallapoosa,AL,01123
1125,Tuscaloosa,AL,01125
1127,Walker,AL,01127
1129,Washington,AL,01129
1131,Wilcox,AL,01131
1133,Winston,AL,01133
2013,Aleutians East,AK,02013
2016,Aleutians West,AK,02016
2020,Anchorage,AK,02020
2050,Bethel,AK,02050
2060,Bristol Bay,AK,02060
2068,Denali,AK,02068
2070,Dillingham,AK,02070
2090,Fairbanks North Star,AK,02090
2100,Haines,AK,02100
2110,Juneau,AK,02110
2122,Kenai Peninsula,AK,02122
2130,Ketchikan Gateway,AK,02130
2150,Kodiak Island,AK,02150
2164,Lake and Peninsula,AK,02164
2170,Matanuska-Susitna,AK,02170
2180,Nome,AK,02180
2185,North Slope,AK,02185
2188,Northwest Arctic,AK,02188
2201,Prince of Wales-Outer Ketchikan,AK,02201
2220,Sitka,AK,02220
2232,Skagway-Hoonah-Angoon,AK,02232
2240,Southeast Fairbanks,AK,02240
2261,Valdez-Cordova,AK,02261
2270,Wade Hampton,AK,02270
2280,Wrangell-Petersburg,AK,02280
2282,Yakutat,AK,02282
2290,Yukon-Koyukuk,AK,02290
4001,Apache,AZ,04001
4003,Cochise,AZ,04003
4005,Coconino,AZ,04005
4007,Gila,AZ,04007
4009,Graham,AZ,04009
4011,Greenlee,AZ,04011
4012,La Paz,AZ,04012
4013,Maricopa,AZ,04013
4015,Mohave,AZ,04015
4017,Navajo,AZ,04017
4019,Pima,AZ,04019
4021,Pinal,AZ,04021
4023,Santa Cruz,AZ,04023
4025,Yavapai,AZ,04025
4027,Yuma,AZ,04027
5001,Arkansas,AR,05001
5003,Ashley,AR,05003
5005,Baxter,AR,05005
5007,Benton,AR,05007
5009,Boone,AR,05009
5011,Bradley,AR,05011
5013,Calhoun,AR,05013
5015,Carroll,AR,05015
5017,Chicot,AR,05017
5019,Clark,AR,05019
5021,Clay,AR,05021
5023,Cleburne,AR,05023
5025,Cleveland,AR,05025
5027,Columbia,AR,05027
5029,Conway,AR,05029
5031,Craighead,AR,05031
5033,Crawford,AR,05033
5035,Crittenden,AR,05035
5037,Cross,AR,05037
5039,Dallas,AR,05039
5041,Desha,AR,05041
5043,Drew,AR,05043
5045,Faulkner,AR,05045
5047,Franklin,AR,05047
5049,Fulton,AR,05049
5051,Garland,AR,05051
5053,Grant,AR,05053
5055,Greene,AR,05055
5057,Hempstead,AR,05057
5059,Hot Spring,AR,05059
5061,Howard,AR,05061
5063,Independence,AR,05063
5065,Izard,AR,05065
5067,Jackson,AR,05067
5069,Jefferson,AR,05069
5071,Johnson,AR,05071
5073,Lafayette,AR,05073
5075,Lawrence,AR,05075
5077,Lee,AR,05077
5079,Lincoln,AR,05079
5081,Little River,AR,05081
5083,Logan,AR,05083
5085,Lonoke,AR,05085
5087,Madison,AR,05087
5089,Marion,AR,05089
5091,Miller,AR,05091
5093,Mississippi,AR,05093
5095,Monroe,AR,05095
5097,Montgomery,AR,05097
5099,Nevada,AR,05099
5101,Newton,AR,05101
5103,Ouachita,AR,05103
5105,Perry,AR,05105
5107,Phillips,AR,05107
5109,Pike,AR,05109
5111,Poinsett,AR,05111
5113,Polk,AR,05113
5115,Pope,AR,05115
5117,Prairie,AR,05117
5119,Pulaski,AR,05119
5121,Randolph,AR,05121
5123,St Francis,AR,05123
5125,Saline,AR,05125
5127,Scott,AR,05127
5129,Searcy,AR,05129
5131,Sebastian,AR,05131
5133,Sevier,AR,05133
5135,Sharp,AR,05135
5137,Stone,AR,05137
5139,Union,AR,05139
5141,Van Buren,AR,05141
5143,Washington,AR,05143
5145,White,AR,05145
5147,Woodruff,AR,05147
5149,Yell,AR,05149
6001,Alameda,CA,06001
6003,Alpine,CA,06003
6005,Amador,CA,06005
6007,Butte,CA,06007
6009,Calaveras,CA,06009
6011,Colusa,CA,06011
6013,Contra Costa,CA,06013
6015,Del Norte,CA,06015
6017,El Dorado,CA,06017
6019,Fresno,CA,06019
6021,Glenn,CA,06021
6023,Humboldt,CA,06023
6025,Imperial,CA,06025
6027,Inyo,CA,06027
6029,Kern,CA,06029
6031,Kings,CA,06031
6033,Lake,CA,06033
6035,Lassen,CA,06035
6037,Los Angeles,CA,06037
6039,Madera,CA,06039
6041,Marin,CA,06041
6043,Mariposa,CA,06043
6045,Mendocino,CA,06045
6047,Merced,CA,06047
6049,Modoc,CA,06049
6051,Mono,CA,06051
6053,Monterey,CA,06053
6055,Napa,CA,06055
6057,Nevada,CA,06057
6059,Orange,CA,06059
6061,Placer,CA,06061
6063,Plumas,CA,06063
6065,Riverside,CA,06065
6067,Sacramento,CA,06067
6069,San Benito,CA,06069
6071,San Bernardino,CA,06071
6073,San Diego,CA,06073
6075,San Francisco,CA,06075
6077,San Joaquin,CA,06077
6079,San Luis Obispo,CA,06079
6081,San Mateo,CA,06081
6083,Santa Barbara,CA,06083
6085,Santa Clara,CA,06085
6087,Santa Cruz,CA,06087
6089,Shasta,CA,06089
6091,Sierra,CA,06091
6093,Siskiyou,CA,06093
6095,Solano,CA,06095
6097,Sonoma,CA,06097
6099,Stanislaus,CA,06099
6101,Sutter,CA,06101
6103,Tehama,CA,06103
6105,Trinity,CA,06105
6107,Tulare,CA,06107
6109,Tuolumne,CA,06109
6111,Ventura,CA,06111
6113,Yolo,CA,06113
6115,Yuba,CA,06115
8001,Adams,CO,08001
8003,Alamosa,CO,08003
8005,Arapahoe,CO,08005
8007,Archuleta,CO,08007
8009,Baca,CO,08009
8011,Bent,CO,08011
8013,Boulder,CO,08013
8015,Chaffee,CO,08015
8017,Cheyenne,CO,08017
8019,Clear Creek,CO,08019
8021,Conejos,CO,08021
8023,Costilla,CO,08023
8025,Crowley,CO,08025
8027,Custer,CO,08027
8029,Delta,CO,08029
8031,Denver,CO,08031
8033,Dolores,CO,08033
8035,Douglas,CO,08035
8037,Eagle,CO,08037
8039,Elbert,CO,08039
8041,El Paso,CO,08041
8043,Fremont,CO,08043
8045,Garfield,CO,08045
8047,Gilpin,CO,08047
8049,Grand,CO,08049
8051,Gunnison,CO,08051
8053,Hinsdale,CO,08053
8055,Huerfano,CO,08055
8057,Jackson,CO,08057
8059,Jefferson,CO,08059
8061,Kiowa,CO,08061
8063,Kit Carson,CO,08063
8065,Lake,CO,08065
8067,La Plata,CO,08067
8069,Larimer,CO,08069
8071,Las Animas,CO,08071
8073,Lincoln,CO,08073
8075,Logan,CO,08075
8077,Mesa,CO,08077
8079,Mineral,CO,08079
8081,Moffat,CO,08081
8083,Montezuma,CO,08083
8085,Montrose,CO,08085
8087,Morgan,CO,08087
8089,Otero,CO,08089
8091,Ouray,CO,08091
8093,Park,CO,08093
8095,Phillips,CO,08095
8097,Pitkin,CO,08097
8099,Prowers,CO,08099
8101,Pueblo,CO,08101
8103,Rio Blanco,CO,08103
8105,Rio Grande,CO,08105
8107,Routt,CO,08107
8109,Saguache,CO,08109
8111,San Juan,CO,08111
8113,San Miguel,CO,08113
8115,Sedgwick,CO,08115
8117,Summit,CO,08117
8119,Teller,CO,08119
8121,Washington,CO,08121
8123,Weld,CO,08123
8125,Yuma,CO,08125
9001,Fairfield,CT,09001
9003,Hartford,CT,09003
9005,Litchfield,CT,09005
9007,Middlesex,CT,09007
9009,New Haven,CT,09009
9011,New London,CT,09011
9013,Tolland,CT,09013
9015,Windham,CT,09015
10001,Kent,DE,10001
10003,New Castle,DE,10003
10005,Sussex,DE,10005
11001,Washington,DC,11001
12001,Alachua,FL,12001
12003,Baker,FL,12003
12005,Bay,FL,12005
12007,Bradford,FL,12007
12009,Brevard,FL,12009
12011,Broward,FL,12011
12013,Calhoun,FL,12013
12015,Charlotte,FL,12015
12017,Citrus,FL,12017
12019,Clay,FL,12019
12021,Collier,FL,12021
12023,Columbia,FL,12023
12027,De Soto,FL,12027
12029,Dixie,FL,12029
12031,Duval,FL,12031
12033,Escambia,FL,12033
12035,Flagler,FL,12035
12037,Franklin,FL,12037
12039,Gadsden,FL,12039
12041,Gilchrist,FL,12041
12043,Glades,FL,12043
12045,Gulf,FL,12045
12047,Hamilton,FL,12047
12049,Hardee,FL,12049
12051,Hendry,FL,12051
12053,Hernando,FL,12053
12055,Highlands,FL,12055
12057,Hillsborough,FL,12057
12059,Holmes,FL,12059
12061,Indian River,FL,12061
12063,Jackson,FL,12063
12065,Jefferson,FL,12065
12067,Lafayette,FL,12067
12069,Lake,FL,12069
12071,Lee,FL,12071
12073,Leon,FL,12073
12075,Levy,FL,12075
12077,Liberty,FL,12077
12079,Madison,FL,12079
12081,Manatee,FL,12081
12083,Marion,FL,12083
12085,Martin,FL,12085
12086,Miami-Dade,FL,12086
12087,Monroe,FL,12087
12089,Nassau,FL,12089
12091,Okaloosa,FL,12091
12093,Okeechobee,FL,12093
12095,Orange,FL,12095
12097,Osceola,FL,12097
12099,Palm Beach,FL,12099
12101,Pasco,FL,12101
12103,Pinellas,FL,12103
12105,Polk,FL,12105
12107,Putnam,FL,12107
12109,St Johns,FL,12109
12111,St Lucie,FL,12111
12113,Santa Rosa,FL,12113
12115,Sarasota,FL,12115
12117,Seminole,FL,12117
12119,Sumter,FL,12119
12121,Suwannee,FL,12121
12123,Taylor,FL,12123
12125,Union,FL,12125
12127,Volusia,FL,12127
12129,Wakulla,FL,12129
12131,Walton,FL,12131
12133,Washington,FL,12133
13001,Appling,GA,13001
13003,Atkinson,GA,13003
13005,Bacon,GA,13005
13007,Baker,GA,13007
13009,Baldwin,GA,13009
13011,Banks,GA,13011
13013,Barrow,GA,13013
13015,Bartow,GA,13015
13017,Ben Hill,GA,13017
13019,Berrien,GA,13019
13021,Bibb,GA,13021
13023,Bleckley,GA,13023
13025,Brantley,GA,13025
13027,Brooks,GA,13027
13029,Bryan,GA,13029
13031,Bulloch,GA,13031
13033,Burke,GA,13033
13035,Butts,GA,13035
13037,Calhoun,GA,13037
13039,Camden,GA,13039
13043,Candler,GA,13043
13045,Carroll,GA,13045
13047,Catoosa,GA,13047
13049,Charlton,GA,13049
13051,Chatham,GA,13051
13053,Chattahoochee,GA,13053
13055,Chattooga,GA,13055
13057,Cherokee,GA,13057
13059,Clarke,GA,13059
13061,Clay,GA,13061
13063,Clayton,GA,13063
13065,Clinch,GA,13065
13067,Cobb,GA,13067
13069,Coffee,GA,13069
13071,Colquitt,GA,13071
13073,Columbia,GA,13073
13075,Cook,GA,13075
13077,Coweta,GA,13077
13079,Crawford,GA,13079
13081,Crisp,GA,13081
13083,Dade,GA,13083
13085,Dawson,GA,13085
13087,Decatur,GA,13087
13089,De Kalb,GA,13089
13091,Dodge,GA,13091
13093,Dooly,GA,13093
13095,Dougherty,GA,13095
13097,Douglas,GA,13097
13099,Early,GA,13099
13101,Echols,GA,13101
13103,Effingham,GA,13103
13105,Elbert,GA,13105
13107,Emanuel,GA,13107
13109,Evans,GA,13109
13111,Fannin,GA,13111
13113,Fayette,GA,13113
13115,Floyd,GA,13115
13117,Forsyth,GA,13117
13119,Franklin,GA,13119
13121,Fulton,GA,13121
13123,Gilmer,GA,13123
13125,Glascock,GA,13125
13127,Glynn,GA,13127
13129,Gordon,GA,13129
13131,Grady,GA,13131
13133,Greene,GA,13133
13135,Gwinnett,GA,13135
13137,Habersham,GA,13137
13139,Hall,GA,13139
13141,Hancock,GA,13141
13143,Haralson,GA,13143
13145,Harris,GA,13145
13147,Hart,GA,13147
13149,Heard,GA,13149
13151,Henry,GA,13151
13153,Houston,GA,13153
13155,Irwin,GA,13155
13157,Jackson,GA,13157
13159,Jasper,GA,13159
13161,Jeff Davis,GA,13161
13163,Jefferson,GA,13163
13165,Jenkins,GA,13165
13167,Johnson,GA,13167
13169,Jones,GA,13169
13171,Lamar,GA,13171
13173,Lanier,GA,13173
13175,Laurens,GA,13175
13177,Lee,GA,13177
13179,Liberty,GA,13179
13181,Lincoln,GA,13181
13183,Long,GA,13183
13185,Lowndes,GA,13185
13187,Lumpkin,GA,13187
13189,McDuffie,GA,13189
13191,McIntosh,GA,13191
13193,Macon,GA,13193
13195,Madison,GA,13195
13197,Marion,GA,13197
13199,Meriwether,GA,13199
13201,Miller,GA,13201
13205,Mitchell,GA,13205
13207,Monroe,GA,13207
13209,Montgomery,GA,13209
13211,Morgan,GA,13211
13213,Murray,GA,13213
13215,Muscogee,GA,13215
13217,Newton,GA,13217
13219,Oconee,GA,13219
13221,Oglethorpe,GA,13221
13223,Paulding,GA,13223
13225,Peach,GA,13225
13227,Pickens,GA,13227
13229,Pierce,GA,13229
13231,Pike,GA,13231
13233,Polk,GA,13233
13235,Pulaski,GA,13235
13237,Putnam,GA,13237
13239,Quitman,GA,13239
13241,Rabun,GA,13241
13243,Randolph,GA,13243
13245,Richmond,GA,13245
13247,Rockdale,GA,13247
13249,Schley,GA,13249
13251,Screven,GA,13251
13253,Seminole,GA,13253
13255,Spalding,GA,13255
13257,Stephens,GA,13257
13259,Stewart,GA,13259
13261,Sumter,GA,13261
13263,Talbot,GA,13263
13265,Taliaferro,GA,13265
13267,Tattnall,GA,13267
13269,Taylor,GA,13269
13271,Telfair,GA,13271
13273,Terrell,GA,13273
13275,Thomas,GA,13275
13277,Tift,GA,13277
13279,Toombs,GA,13279
13281,Towns,GA,13281
13283,Treutlen,GA,13283
13285,Troup,GA,13285
13287,Turner,GA,13287
13289,Twiggs,GA,13289
13291,Union,GA,13291
13293,Upson,GA,13293
13295,Walker,GA,13295
13297,Walton,GA,13297
13299,Ware,GA,13299
13301,Warren,GA,13301
13303,Washington,GA,13303
13305,Wayne,GA,13305
13307,Webster,GA,13307
13309,Wheeler,GA,13309
13311,White,GA,13311
13313,Whitfield,GA,13313
13315,Wilcox,GA,13315
13317,Wilkes,GA,13317
13319,Wilkinson,GA,13319
13321,Worth,GA,13321
15001,Hawaii,HI,15001
15003,Honolulu,HI,15003
15007,Kauai,HI,15007
15009,Maui,HI,15009
16001,Ada,ID,16001
16003,Adams,ID,16003
16005,Bannock,ID,16005
16007,Bear Lake,ID,16007
16009,Benewah,ID,16009
16011,Bingham,ID,16011
16013,Blaine,ID,16013
16015,Boise,ID,16015
16017,Bonner,ID,16017
16019,Bonneville,ID,16019
16021,Boundary,ID,16021
16023,Butte,ID,16023
16025,Camas,ID,16025
16027,Canyon,ID,16027
16029,Caribou,ID,16029
16031,Cassia,ID,16031
16033,Clark,ID,16033
16035,Clearwater,ID,16035
16037,Custer,ID,16037
16039,Elmore,ID,16039
16041,Franklin,ID,16041
16043,Fremont,ID,16043
16045,Gem,ID,16045
16047,Gooding,ID,16047
16049,Idaho,ID,16049
16051,Jefferson,ID,16051
16053,Jerome,ID,16053
16055,Kootenai,ID,16055
16057,Latah,ID,16057
16059,Lemhi,ID,16059
16061,Lewis,ID,16061
16063,Lincoln,ID,16063
16065,Madison,ID,16065
16067,Minidoka,ID,16067
16069,Nez Perce,ID,16069
16071,Oneida,ID,16071
16073,Owyhee,ID,16073
16075,Payette,ID,16075
16077,Power,ID,16077
16079,Shoshone,ID,16079
16081,Teton,ID,16081
16083,Twin Falls,ID,16083
16085,Valley,ID,16085
16087,Washington,ID,16087
17001,Adams,IL,17001
17003,Alexander,IL,17003
17005,Bond,IL,17005
17007,Boone,IL,17007
17009,Brown,IL,17009
17011,Bureau,IL,17011
17013,Calhoun,IL,17013
17015,Carroll,IL,17015
17017,Cass,IL,17017
17019,Champaign,IL,17019
17021,Christian,IL,17021
17023,Clark,IL,17023
17025,Clay,IL,17025
17027,Clinton,IL,17027
17029,Coles,IL,17029
17031,Cook,IL,17031
17033,Crawford,IL,17033
17035,Cumberland,IL,17035
17037,De Kalb,IL,17037
17039,De Witt,IL,17039
17041,Douglas,IL,17041
17043,Du Page,IL,17043
17045,Edgar,IL,17045
17047,Edwards,IL,17047
17049,Effingham,IL,17049
17051,Fayette,IL,17051
17053,Ford,IL,17053
17055,Franklin,IL,17055
17057,Fulton,IL,17057
17059,Gallatin,IL,17059
17061,Greene,IL,17061
17063,Grundy,IL,17063
17065,Hamilton,IL,17065
17067,Hancock,IL,17067
17069,Hardin,IL,17069
17071,Henderson,IL,17071
17073,Henry,IL,17073
17075,Iroquois,IL,17075
17077,Jackson,IL,17077
17079,Jasper,IL,17079
17081,Jefferson,IL,17081
17083,Jersey,IL,17083
17085,Jo Daviess,IL,17085
17087,Johnson,IL,17087
17089,Kane,IL,17089
17091,Kankakee,IL,17091
17093,Kendall,IL,17093
17095,Knox,IL,17095
17097,Lake,IL,17097
17099,La Salle,IL,17099
17101,Lawrence,IL,17101
17103,Lee,IL,17103
17105,Livingston,IL,17105
17107,Logan,IL,17107
17109,McDonough,IL,17109
17111,McHenry,IL,17111
17113,McLean,IL,17113
17115,Macon,IL,17115
17117,Macoupin,IL,17117
17119,Madison,IL,17119
17121,Marion,IL,17121
17123,Marshall,IL,17123
17125,Mason,IL,17125
17127,Massac,IL,17127
17129,Menard,IL,17129
17131,Mercer,IL,17131
17133,Monroe,IL,17133
17135,Montgomery,IL,17135
17137,Morgan,IL,17137
17139,Moultrie,IL,17139
17141,Ogle,IL,17141
17143,Peoria,IL,17143
17145,Perry,IL,17145
17147,Piatt,IL,17147
17149,Pike,IL,17149
17151,Pope,IL,17151
17153,Pulaski,IL,17153
17155,Putnam,IL,17155
17157,Randolph,IL,17157
17159,Richland,IL,17159
17161,Rock Island,IL,17161
17163,St Clair,IL,17163
17165,Saline,IL,17165
17167,Sangamon,IL,17167
17169,Schuyler,IL,17169
17171,Scott,IL,17171
17173,Shelby,IL,17173
17175,Stark,IL,17175
17177,Stephenson,IL,17177
17179,Tazewell,IL,17179
17181,Union,IL,17181
17183,Vermilion,IL,17183
17185,Wabash,IL,17185
17187,Warren,IL,17187
17189,Washington,IL,17189
17191,Wayne,IL,17191
17193,White,IL,17193
17195,Whiteside,IL,17195
17197,Will,IL,17197
17199,Williamson,IL,17199
17201,Winnebago,IL,17201
17203,Woodford,IL,17203
18001,Adams,IN,18001
18003,Allen,IN,18003
18005,Bartholomew,IN,18005
18007,Benton,IN,18007
18009,Blackford,IN,18009
18011,Boone,IN,18011
18013,Brown,IN,18013
18015,Carroll,IN,18015
18017,Cass,IN,18017
18019,Clark,IN,18019
18021,Clay,IN,18021
18023,Clinton,IN,18023
18025,Crawford,IN,18025
18027,Daviess,IN,18027
18029,Dearborn,IN,18029
18031,Decatur,IN,18031
18033,De Kalb,IN,18033
18035,Delaware,IN,18035
18037,Dubois,IN,18037
18039,Elkhart,IN,18039
18041,Fayette,IN,18041
18043,Floyd,IN,18043
18045,Fountain,IN,18045
18047,Franklin,IN,18047
18049,Fulton,IN,18049
18051,Gibson,IN,18051
18053,Grant,IN,18053
18055,Greene,IN,18055
18057,Hamilton,IN,18057
18059,Hancock,IN,18059
18061,Harrison,IN,18061
18063,Hendricks,IN,18063
18065,Henry,IN,18065
18067,Howard,IN,18067
18069,Huntington,IN,18069
18071,Jackson,IN,18071
18073,Jasper,IN,18073
18075,Jay,IN,18075
18077,Jefferson,IN,18077
18079,Jennings,IN,18079
18081,Johnson,IN,18081
18083,Knox,IN,18083
18085,Kosciusko,IN,18085
18087,La Grange,IN,18087
18089,Lake,IN,18089
18091,La Porte,IN,18091
18093,Lawrence,IN,18093
18095,Madison,IN,18095
18097,Marion,IN,18097
18099,Marshall,IN,18099
18101,Martin,IN,18101
18103,Miami,IN,18103
18105,Monroe,IN,18105
18107,Montgomery,IN,18107
18109,Morgan,IN,18109
18111,Newton,IN,18111
18113,Noble,IN,18113
18115,Ohio,IN,18115
18117,Orange,IN,18117
18119,Owen,IN,18119
18121,Parke,IN,18121
18123,Perry,IN,18123
18125,Pike,IN,18125
18127,Porter,IN,18127
18129,Posey,IN,18129
18131,Pulaski,IN,18131
18133,Putnam,IN,18133
18135,Randolph,IN,18135
18137,Ripley,IN,18137
18139,Rush,IN,18139
18141,St Joseph,IN,18141
18143,Scott,IN,18143
18145,Shelby,IN,18145
18147,Spencer,IN,18147
18149,Starke,IN,18149
18151,Steuben,IN,18151
18153,Sullivan,IN,18153
18155,Switzerland,IN,18155
18157,Tippecanoe,IN,18157
18159,Tipton,IN,18159
18161,Union,IN,18161
18163,Vanderburgh,IN,18163
18165,Vermillion,IN,18165
18167,Vigo,IN,18167
18169,Wabash,IN,18169
18171,Warren,IN,18171
18173,Warrick,IN,18173
18175,Washington,IN,18175
18177,Wayne,IN,18177
18179,Wells,IN,18179
18181,White,IN,18181
18183,Whitley,IN,18183
19001,Adair,IA,19001
19003,Adams,IA,19003
19005,Allamakee,IA,19005
19007,Appanoose,IA,19007
19009,Audubon,IA,19009
19011,Benton,IA,19011
19013,Black Hawk,IA,19013
19015,Boone,IA,19015
19017,Bremer,IA,19017
19019,Buchanan,IA,19019
19021,Buena Vista,IA,19021
19023,Butler,IA,19023
19025,Calhoun,IA,19025
19027,Carroll,IA,19027
19029,Cass,IA,19029
19031,Cedar,IA,19031
19033,Cerro Gordo,IA,19033
19035,Cherokee,IA,19035
19037,Chickasaw,IA,19037
19039,Clarke,IA,19039
19041,Clay,IA,19041
19043,Clayton,IA,19043
19045,Clinton,IA,19045
19047,Crawford,IA,19047
19049,Dallas,IA,19049
19051,Davis,IA,19051
19053,Decatur,IA,19053
19055,Delaware,IA,19055
19057,Des Moines,IA,19057
19059,Dickinson,IA,19059
19061,Dubuque,IA,19061
19063,Emmet,IA,19063
19065,Fayette,IA,19065
19067,Floyd,IA,19067
19069,Franklin,IA,19069
19071,Fremont,IA,19071
19073,Greene,IA,19073
19075,Grundy,IA,19075
19077,Guthrie,IA,19077
19079,Hamilton,IA,19079
19081,Hancock,IA,19081
19083,Hardin,IA,19083
19085,Harrison,IA,19085
19087,Henry,IA,19087
19089,Howard,IA,19089
19091,Humboldt,IA,19091
19093,Ida,IA,19093
19095,Iowa,IA,19095
19097,Jackson,IA,19097
19099,Jasper,IA,19099
19101,Jefferson,IA,19101
19103,Johnson,IA,19103
19105,Jones,IA,19105
19107,Keokuk,IA,19107
19109,Kossuth,IA,19109
19111,Lee,IA,19111
19113,Linn,IA,19113
19115,Louisa,IA,19115
19117,Lucas,IA,19117
19119,Lyon,IA,19119
19121,Madison,IA,19121
19123,Mahaska,IA,19123
19125,Marion,IA,19125
19127,Marshall,IA,19127
19129,Mills,IA,19129
19131,Mitchell,IA,19131
19133,Monona,IA,19133
19135,Monroe,IA,19135
19137,Montgomery,IA,19137
19139,Muscatine,IA,19139
19141,O Brien,IA,19141
19143,Osceola,IA,19143
19145,Page,IA,19145
19147,Palo Alto,IA,19147
19149,Plymouth,IA,19149
19151,Pocahontas,IA,19151
19153,Polk,IA,19153
19155,Pottawattamie,IA,19155
19157,Poweshiek,IA,19157
19159,Ringgold,IA,19159
19161,Sac,IA,19161
19163,Scott,IA,19163
19165,Shelby,IA,19165
19167,Sioux,IA,19167
19169,Story,IA,19169
19171,Tama,IA,19171
19173,Taylor,IA,19173
19175,Union,IA,19175
19177,Van Buren,IA,19177
19179,Wapello,IA,19179
19181,Warren,IA,19181
19183,Washington,IA,19183
19185,Wayne,IA,19185
19187,Webster,IA,19187
19189,Winnebago,IA,19189
19191,Winneshiek,IA,19191
19193,Woodbury,IA,19193
19195,Worth,IA,19195
19197,Wright,IA,19197
20001,Allen,KS,20001
20003,Anderson,KS,20003
20005,Atchison,KS,20005
20007,Barber,KS,20007
20009,Barton,KS,20009
20011,Bourbon,KS,20011
20013,Brown,KS,20013
20015,Butler,KS,20015
20017,Chase,KS,20017
20019,Chautauqua,KS,20019
20021,Cherokee,KS,20021
20023,Cheyenne,KS,20023
20025,Clark,KS,20025
20027,Clay,KS,20027
20029,Cloud,KS,20029
20031,Coffey,KS,20031
20033,Comanche,KS,20033
20035,Cowley,KS,20035
20037,Crawford,KS,20037
20039,Decatur,KS,20039
20041,Dickinson,KS,20041
20043,Doniphan,KS,20043
20045,Douglas,KS,20045
20047,Edwards,KS,20047
20049,Elk,KS,20049
20051,Ellis,KS,20051
20053,Ellsworth,KS,20053
20055,Finney,KS,20055
20057,Ford,KS,20057
20059,Franklin,KS,20059
20061,Geary,KS,20061
20063,Gove,KS,20063
20065,Graham,KS,20065
20067,Grant,KS,20067
20069,Gray,KS,20069
20071,Greeley,KS,20071
20073,Greenwood,KS,20073
20075,Hamilton,KS,20075
20077,Harper,KS,20077
20079,Harvey,KS,20079
20081,Haskell,KS,20081
20083,Hodgeman,KS,20083
20085,Jackson,KS,20085
20087,Jefferson,KS,20087
20089,Jewell,KS,20089
20091,Johnson,KS,20091
20093,Kearny,KS,20093
20095,Kingman,KS,20095
20097,Kiowa,KS,20097
20099,Labette,KS,20099
20101,Lane,KS,20101
20103,Leavenworth,KS,20103
20105,Lincoln,KS,20105
20107,Linn,KS,20107
20109,Logan,KS,20109
20111,Lyon,KS,20111
20113,McPherson,KS,20113
20115,Marion,KS,20115
20117,Marshall,KS,20117
20119,Meade,KS,20119
20121,Miami,KS,20121
20123,Mitchell,KS,20123
20125,Montgomery,KS,20125
20127,Morris,KS,20127
20129,Morton,KS,20129
20131,Nemaha,KS,20131
20133,Neosho,KS,20133
20135,Ness,KS,20135
20137,Norton,KS,20137
20139,Osage,KS,20139
20141,Osborne,KS,20141
20143,Ottawa,KS,20143
20145,Pawnee,KS,20145
20147,Phillips,KS,20147
20149,Pottawatomie,KS,20149
20151,Pratt,KS,20151
20153,Rawlins,KS,20153
20155,Reno,KS,20155
20157,Republic,KS,20157
20159,Rice,KS,20159
20161,Riley,KS,20161
20163,Rooks,KS,20163
20165,Rush,KS,20165
20167,Russell,KS,20167
20169,Saline,KS,20169
20171,Scott,KS,20171
20173,Sedgwick,KS,20173
20175,Seward,KS,20175
20177,Shawnee,KS,20177
20179,Sheridan,KS,20179
20181,Sherman,KS,20181
20183,Smith,KS,20183
20185,Stafford,KS,20185
20187,Stanton,KS,20187
20189,Stevens,KS,20189
20191,Sumner,KS,20191
20193,Thomas,KS,20193
20195,Trego,KS,20195
20197,Wabaunsee,KS,20197
20199,Wallace,KS,20199
20201,Washington,KS,20201
20203,Wichita,KS,20203
20205,Wilson,KS,20205
20207,Woodson,KS,20207
20209,Wyandotte,KS,20209
21001,Adair,KY,21001
21003,Allen,KY,21003
21005,Anderson,KY,21005
21007,Ballard,KY,21007
21009,Barren,KY,21009
21011,Bath,KY,21011
21013,Bell,KY,21013
21015,Boone,KY,21015
21017,Bourbon,KY,21017
21019,Boyd,KY,21019
21021,Boyle,KY,21021
21023,Bracken,KY,21023
21025,Breathitt,KY,21025
21027,Breckinridge,KY,21027
21029,Bullitt,KY,21029
21031,Butler,KY,21031
21033,Caldwell,KY,21033
21035,Calloway,KY,21035
21037,Campbell,KY,21037
21039,Carlisle,KY,21039
21041,Carroll,KY,21041
21043,Carter,KY,21043
21045,Casey,KY,21045
21047,Christian,KY,21047
21049,Clark,KY,21049
21051,Clay,KY,21051
21053,Clinton,KY,21053
21055,Crittenden,KY,21055
21057,Cumberland,KY,21057
21059,Daviess,KY,21059
21061,Edmonson,KY,21061
21063,Elliott,KY,21063
21065,Estill,KY,21065
21067,Fayette,KY,21067
21069,Fleming,KY,21069
21071,Floyd,KY,21071
21073,Franklin,KY,21073
21075,Fulton,KY,21075
21077,Gallatin,KY,21077
21079,Garrard,KY,21079
21081,Grant,KY,21081
21083,Graves,KY,21083
21085,Grayson,KY,21085
21087,Green,KY,21087
21089,Greenup,KY,21089
21091,Hancock,KY,21091
21093,Hardin,KY,21093
21095,Harlan,KY,21095
21097,Harrison,KY,21097
21099,Hart,KY,21099
21101,Henderson,KY,21101
21103,Henry,KY,21103
21105,Hickman,KY,21105
21107,Hopkins,KY,21107
21109,Jackson,KY,21109
21111,Jefferson,KY,21111
21113,Jessamine,KY,21113
21115,Johnson,KY,21115
21117,Kenton,KY,21117
21119,Knott,KY,21119
21121,Knox,KY,21121
21123,Larue,KY,21123
21125,Laurel,KY,21125
21127,Lawrence,KY,21127
21129,Lee,KY,21129
21131,Leslie,KY,21131
21133,Letcher,KY,21133
21135,Lewis,KY,21135
21137,Lincoln,KY,21137
21139,Livingston,KY,21139
21141,Logan,KY,21141
21143,Lyon,KY,21143
21145,McCracken,KY,21145
21147,McCreary,KY,21147
21149,McLean,KY,21149
21151,Madison,KY,21151
21153,Magoffin,KY,21153
21155,Marion,KY,21155
21157,Marshall,KY,21157
21159,Martin,KY,21159
21161,Mason,KY,21161
21163,Meade,KY,21163
21165,Menifee,KY,21165
21167,Mercer,KY,21167
21169,Metcalfe,KY,21169
21171,Monroe,KY,21171
21173,Montgomery,KY,21173
21175,Morgan,KY,21175
21177,Muhlenberg,KY,21177
21179,Nelson,KY,21179
21181,Nicholas,KY,21181
21183,Ohio,KY,21183
21185,Oldham,KY,21185
21187,Owen,KY,21187
21189,Owsley,KY,21189
21191,Pendleton,KY,21191
21193,Perry,KY,21193
21195,Pike,KY,21195
21197,Powell,KY,21197
21199,Pulaski,KY,21199
21201,Robertson,KY,21201
21203,Rockcastle,KY,21203
21205,Rowan,KY,21205
21207,Russell,KY,21207
21209,Scott,KY,21209
21211,Shelby,KY,21211
21213,Simpson,KY,21213
21215,Spencer,KY,21215
21217,Taylor,KY,21217
21219,Todd,KY,21219
21221,Trigg,KY,21221
21223,Trimble,KY,21223
21225,Union,KY,21225
21227,Warren,KY,21227
21229,Washington,KY,21229
21231,Wayne,KY,21231
21233,Webster,KY,21233
21235,Whitley,KY,21235
21237,Wolfe,KY,21237
21239,Woodford,KY,21239
22001,Acadia,LA,22001
22003,Allen,LA,22003
22005,Ascension,LA,22005
22007,Assumption,LA,22007
22009,Avoyelles,LA,22009
22011,Beauregard,LA,22011
22013,Bienville,LA,22013
22015,Bossier,LA,22015
22017,Caddo,LA,22017
22019,Calcasieu,LA,22019
22021,Caldwell,LA,22021
22023,Cameron,LA,22023
22025,Catahoula,LA,22025
22027,Claiborne,LA,22027
22029,Concordia,LA,22029
22031,De Soto,LA,22031
22033,East Baton Rouge,LA,22033
22035,East Carroll,LA,22035
22037,East Feliciana,LA,22037
22039,Evangeline,LA,22039
22041,Franklin,LA,22041
22043,Grant,LA,22043
22045,Iberia,LA,22045
22047,Iberville,LA,22047
22049,Jackson,LA,22049
22051,Jefferson,LA,22051
22053,Jefferson Davis,LA,22053
22055,Lafayette,LA,22055
22057,Lafourche,LA,22057
22059,La Salle,LA,22059
22061,Lincoln,LA,22061
22063,Livingston,LA,22063
22065,Madison,LA,22065
22067,Morehouse,LA,22067
22069,Natchitoches,LA,22069
22071,Orleans,LA,22071
22073,Ouachita,LA,22073
22075,Plaquemines,LA,22075
22077,Pointe Coupee,LA,22077
22079,Rapides,LA,22079
22081,Red River,LA,22081
22083,Richland,LA,22083
22085,Sabine,LA,22085
22087,St Bernard,LA,22087
22089,St Charles,LA,22089
22091,St Helena,LA,22091
22093,St James,LA,22093
22095,St John the Baptist,LA,22095
22097,St Landry,LA,22097
22099,St Martin,LA,22099
22101,St Mary,LA,22101
22103,St Tammany,LA,22103
22105,Tangipahoa,LA,22105
22107,Tensas,LA,22107
22109,Terrebonne,LA,22109
22111,Union,LA,22111
22113,Vermilion,LA,22113
22115,Vernon,LA,22115
22117,Washington,LA,22117
22119,Webster,LA,22119
22121,West Baton Rouge,LA,22121
22123,West Carroll,LA,22123
22125,West Feliciana,LA,22125
22127,Winn,LA,22127
23001,Androscoggin,ME,23001
23003,Aroostook,ME,23003
23005,Cumberland,ME,23005
23007,Franklin,ME,23007
23009,Hancock,ME,23009
23011,Kennebec,ME,23011
23013,Knox,ME,23013
23015,Lincoln,ME,23015
23017,Oxford,ME,23017
23019,Penobscot,ME,23019
23021,Piscataquis,ME,23021
23023,Sagadahoc,ME,23023
23025,Somerset,ME,23025
23027,Waldo,ME,23027
23029,Washington,ME,23029
23031,York,ME,23031
24001,Allegany,MD,24001
24003,Anne Arundel,MD,24003
24005,Baltimore,MD,24005
24009,Calvert,MD,24009
24011,Caroline,MD,24011
24013,Carroll,MD,24013
24015,Cecil,MD,24015
24017,Charles,MD,24017
24019,Dorchester,MD,24019
24021,Frederick,MD,24021
24023,Garrett,MD,24023
24025,Harford,MD,24025
24027,Howard,MD,24027
24029,Kent,MD,24029
24031,Montgomery,MD,24031
24033,Prince Georges,MD,24033
24035,Queen Annes,MD,24035
24037,St Marys,MD,24037
24039,Somerset,MD,24039
24041,Talbot,MD,24041
24043,Washington,MD,24043
24045,Wicomico,MD,24045
24047,Worcester,MD,24047
24510,Baltimore City,MD,24510
25001,Barnstable,MA,25001
25003,Berkshire,MA,25003
25005,Bristol,MA,25005
25007,Dukes,MA,25007
25009,Essex,MA,25009
25011,Franklin,MA,25011
25013,Hampden,MA,25013
25015,Hampshire,MA,25015
25017,Middlesex,MA,25017
25019,Nantucket,MA,25019
25021,Norfolk,MA,25021
25023,Plymouth,MA,25023
25025,Suffolk,MA,25025
25027,Worcester,MA,25027
26001,Alcona,MI,26001
26003,Alger,MI,26003
26005,Allegan,MI,26005
26007,Alpena,MI,26007
26009,Antrim,MI,26009
26011,Arenac,MI,26011
26013,Baraga,MI,26013
26015,Barry,MI,26015
26017,Bay,MI,26017
26019,Benzie,MI,26019
26021,Berrien,MI,26021
26023,Branch,MI,26023
26025,Calhoun,MI,26025
26027,Cass,MI,26027
26029,Charlevoix,MI,26029
26031,Cheboygan,MI,26031
26033,Chippewa,MI,26033
26035,Clare,MI,26035
26037,Clinton,MI,26037
26039,Crawford,MI,26039
26041,Delta,MI,26041
26043,Dickinson,MI,26043
26045,Eaton,MI,26045
26047,Emmet,MI,26047
26049,Genesee,MI,26049
26051,Gladwin,MI,26051
26053,Gogebic,MI,26053
26055,Grand Traverse,MI,26055
26057,Gratiot,MI,26057
26059,Hillsdale,MI,26059
26061,Houghton,MI,26061
26063,Huron,MI,26063
26065,Ingham,MI,26065
26067,Ionia,MI,26067
26069,Iosco,MI,26069
26071,Iron,MI,26071
26073,Isabella,MI,26073
26075,Jackson,MI,26075
26077,Kalamazoo,MI,26077
26079,Kalkaska,MI,26079
26081,Kent,MI,26081
26083,Keweenaw,MI,26083
26085,Lake,MI,26085
26087,Lapeer,MI,26087
26089,Leelanau,MI,26089
26091,Lenawee,MI,26091
26093,Livingston,MI,26093
26095,Luce,MI,26095
26097,Mackinac,MI,26097
26099,Macomb,MI,26099
26101,Manistee,MI,26101
26103,Marquette,MI,26103
26105,Mason,MI,26105
26107,Mecosta,MI,26107
26109,Menominee,MI,26109
26111,Midland,MI,26111
26113,Missaukee,MI,26113
26115,Monroe,MI,26115
26117,Montcalm,MI,26117
26119,Montmorency,MI,26119
26121,Muskegon,MI,26121
26123,Newaygo,MI,26123
26125,Oakland,MI,26125
26127,Oceana,MI,26127
26129,Ogemaw,MI,26129
26131,Ontonagon,MI,26131
26133,Osceola,MI,26133
26135,Oscoda,MI,26135
26137,Otsego,MI,26137
26139,Ottawa,MI,26139
26141,Presque Isle,MI,26141
26143,Roscommon,MI,26143
26145,Saginaw,MI,26145
26147,St Clair,MI,26147
26149,St Joseph,MI,26149
26151,Sanilac,MI,26151
26153,Schoolcraft,MI,26153
26155,Shiawassee,MI,26155
26157,Tuscola,MI,26157
26159,Van Buren,MI,26159
26161,Washtenaw,MI,26161
26163,Wayne,MI,26163
26165,Wexford,MI,26165
27001,Aitkin,MN,27001
27003,Anoka,MN,27003
27005,Becker,MN,27005
27007,Beltrami,MN,27007
27009,Benton,MN,27009
27011,Big Stone,MN,27011
27013,Blue Earth,MN,27013
27015,Brown,MN,27015
27017,Carlton,MN,27017
27019,Carver,MN,27019
27021,Cass,MN,27021
27023,Chippewa,MN,27023
27025,Chisago,MN,27025
27027,Clay,MN,27027
27029,Clearwater,MN,27029
27031,Cook,MN,27031
27033,Cottonwood,MN,27033
27035,Crow Wing,MN,27035
27037,Dakota,MN,27037
27039,Dodge,MN,27039
27041,Douglas,MN,27041
27043,Faribault,MN,27043
27045,Fillmore,MN,27045
27047,Freeborn,MN,27047
27049,Goodhue,MN,27049
27051,Grant,MN,27051
27053,Hennepin,MN,27053
27055,Houston,MN,27055
27057,Hubbard,MN,27057
27059,Isanti,MN,27059
27061,Itasca,MN,27061
27063,Jackson,MN,27063
27065,Kanabec,MN,27065
27067,Kandiyohi,MN,27067
27069,Kittson,MN,27069
27071,Koochiching,MN,27071
27073,Lac qui Parle,MN,27073
27075,Lake,MN,27075
27077,Lake of the Woods,MN,27077
27079,Le Sueur,MN,27079
27081,Lincoln,MN,27081
27083,Lyon,MN,27083
27085,McLeod,MN,27085
27087,Mahnomen,MN,27087
27089,Marshall,MN,27089
27091,Martin,MN,27091
27093,Meeker,MN,27093
27095,Mille Lacs,MN,27095
27097,Morrison,MN,27097
27099,Mower,MN,27099
27101,Murray,MN,27101
27103,Nicollet,MN,27103
27105,Nobles,MN,27105
27107,Norman,MN,27107
27109,Olmsted,MN,27109
27111,Otter Tail,MN,27111
27113,Pennington,MN,27113
27115,Pine,MN,27115
27117,Pipestone,MN,27117
27119,Polk,MN,27119
27121,Pope,MN,27121
27123,Ramsey,MN,27123
27125,Red Lake,MN,27125
27127,Redwood,MN,27127
27129,Renville,MN,27129
27131,Rice,MN,27131
27133,Rock,MN,27133
27135,Roseau,MN,27135
27137,St Louis,MN,27137
27139,Scott,MN,27139
27141,Sherburne,MN,27141
27143,Sibley,MN,27143
27145,Stearns,MN,27145
27147,Steele,MN,27147
27149,Stevens,MN,27149
27151,Swift,MN,27151
27153,Todd,MN,27153
27155,Traverse,MN,27155
27157,Wabasha,MN,27157
27159,Wadena,MN,27159
27161,Waseca,MN,27161
27163,Washington,MN,27163
27165,Watonwan,MN,27165
27167,Wilkin,MN,27167
27169,Winona,MN,27169
27171,Wright,MN,27171
27173,Yellow Medicine,MN,27173
28001,Adams,MS,28001
28003,Alcorn,MS,28003
28005,Amite,MS,28005
28007,Attala,MS,28007
28009,Benton,MS,28009
28011,Bolivar,MS,28011
28013,Calhoun,MS,28013
28015,Carroll,MS,28015
28017,Chickasaw,MS,28017
28019,Choctaw,MS,28019
28021,Claiborne,MS,28021
28023,Clarke,MS,28023
28025,Clay,MS,28025
28027,Coahoma,MS,28027
28029,Copiah,MS,28029
28031,Covington,MS,28031
28033,De Soto,MS,28033
28035,Forrest,MS,28035
28037,Franklin,MS,28037
28039,George,MS,28039
28041,Greene,MS,28041
28043,Grenada,MS,28043
28045,Hancock,MS,28045
28047,Harrison,MS,28047
28049,Hinds,MS,28049
28051,Holmes,MS,28051
28053,Humphreys,MS,28053
28055,Issaquena,MS,28055
28057,Itawamba,MS,28057
28059,Jackson,MS,28059
28061,Jasper,MS,28061
28063,Jefferson,MS,28063
28065,Jefferson Davis,MS,28065
28067,Jones,MS,28067
28069,Kemper,MS,28069
28071,Lafayette,MS,28071
28073,Lamar,MS,28073
28075,Lauderdale,MS,28075
28077,Lawrence,MS,28077
28079,Leake,MS,28079
28081,Lee,MS,28081
28083,Leflore,MS,28083
28085,Lincoln,MS,28085
28087,Lowndes,MS,28087
28089,Madison,MS,28089
28091,Marion,MS,28091
28093,Marshall,MS,28093
28095,Monroe,MS,28095
28097,Montgomery,MS,28097
28099,Neshoba,MS,28099
28101,Newton,MS,28101
28103,Noxubee,MS,28103
28105,Oktibbeha,MS,28105
28107,Panola,MS,28107
28109,Pearl River,MS,28109
28111,Perry,MS,28111
28113,Pike,MS,28113
28115,Pontotoc,MS,28115
28117,Prentiss,MS,28117
28119,Quitman,MS,28119
28121,Rankin,MS,28121
28123,Scott,MS,28123
28125,Sharkey,MS,28125
28127,Simpson,MS,28127
28129,Smith,MS,28129
28131,Stone,MS,28131
28133,Sunflower,MS,28133
28135,Tallahatchie,MS,28135
28137,Tate,MS,28137
28139,Tippah,MS,28139
28141,Tishomingo,MS,28141
28143,Tunica,MS,28143
28145,Union,MS,28145
28147,Walthall,MS,28147
28149,Warren,MS,28149
28151,Washington,MS,28151
28153,Wayne,MS,28153
28155,Webster,MS,28155
28157,Wilkinson,MS,28157
28159,Winston,MS,28159
28161,Yalobusha,MS,28161
28163,Yazoo,MS,28163
29001,Adair,MO,29001
29003,Andrew,MO,29003
29005,Atchison,MO,29005
29007,Audrain,MO,29007
29009,Barry,MO,29009
29011,Barton,MO,29011
29013,Bates,MO,29013
29015,Benton,MO,29015
29017,Bollinger,MO,29017
29019,Boone,MO,29019
29021,Buchanan,MO,29021
29023,Butler,MO,29023
29025,Caldwell,MO,29025
29027,Callaway,MO,29027
29029,Camden,MO,29029
29031,Cape Girardeau,MO,29031
29033,Carroll,MO,29033
29035,Carter,MO,29035
29037,Cass,MO,29037
29039,Cedar,MO,29039
29041,Chariton,MO,29041
29043,Christian,MO,29043
29045,Clark,MO,29045
29047,Clay,MO,29047
29049,Clinton,MO,29049
29051,Cole,MO,29051
29053,Cooper,MO,29053
29055,Crawford,MO,29055
29057,Dade,MO,29057
29059,Dallas,MO,29059
29061,Daviess,MO,29061
29063,De Kalb,MO,29063
29065,Dent,MO,29065
29067,Douglas,MO,29067
29069,Dunklin,MO,29069
29071,Franklin,MO,29071
29073,Gasconade,MO,29073
29075,Gentry,MO,29075
29077,Greene,MO,29077
29079,Grundy,MO,29079
29081,Harrison,MO,29081
29083,Henry,MO,29083
29085,Hickory,MO,29085
29087,Holt,MO,29087
29089,Howard,MO,29089
29091,Howell,MO,29091
29093,Iron,MO,29093
29095,Jackson,MO,29095
29097,Jasper,MO,29097
29099,Jefferson,MO,29099
29101,Johnson,MO,29101
29103,Knox,MO,29103
29105,Laclede,MO,29105
29107,Lafayette,MO,29107
29109,Lawrence,MO,29109
29111,Lewis,MO,29111
29113,Lincoln,MO,29113
29115,Linn,MO,29115
29117,Livingston,MO,29117
29119,McDonald,MO,29119
29121,Macon,MO,29121
29123,Madison,MO,29123
29125,Maries,MO,29125
29127,Marion,MO,29127
29129,Mercer,MO,29129
29131,Miller,MO,29131
29133,Mississippi,MO,29133
29135,Moniteau,MO,29135
29137,Monroe,MO,29137
29139,Montgomery,MO,29139
29141,Morgan,MO,29141
29143,New Madrid,MO,29143
29145,Newton,MO,29145
29147,Nodaway,MO,29147
29149,Oregon,MO,29149
29151,Osage,MO,29151
29153,Ozark,MO,29153
29155,Pemiscot,MO,29155
29157,Perry,MO,29157
29159,Pettis,MO,29159
29161,Phelps,MO,29161
29163,Pike,MO,29163
29165,Platte,MO,29165
29167,Polk,MO,29167
29169,Pulaski,MO,29169
29171,Putnam,MO,29171
29173,Ralls,MO,29173
29175,Randolph,MO,29175
29177,Ray,MO,29177
29179,Reynolds,MO,29179
29181,Ripley,MO,29181
29183,St Charles,MO,29183
29185,St Clair,MO,29185
29186,Ste. Genevieve,MO,29186
29187,St Francois,MO,29187
29189,St Louis,MO,29189
29195,Saline,MO,29195
29197,Schuyler,MO,29197
29199,Scotland,MO,29199
29201,Scott,MO,29201
29203,Shannon,MO,29203
29205,Shelby,MO,29205
29207,Stoddard,MO,29207
29209,Stone,MO,29209
29211,Sullivan,MO,29211
29213,Taney,MO,29213
29215,Texas,MO,29215
29217,Vernon,MO,29217
29219,Warren,MO,29219
29221,Washington,MO,29221
29223,Wayne,MO,29223
29225,Webster,MO,29225
29227,Worth,MO,29227
29229,Wright,MO,29229
29510,St Louis City,MO,29510
30001,Beaverhead,MT,30001
30003,Big Horn,MT,30003
30005,Blaine,MT,30005
30007,Broadwater,MT,30007
30009,Carbon,MT,30009
30011,Carter,MT,30011
30013,Cascade,MT,30013
30015,Chouteau,MT,30015
30017,Custer,MT,30017
30019,Daniels,MT,30019
30021,Dawson,MT,30021
30023,Deer Lodge,MT,30023
30025,Fallon,MT,30025
30027,Fergus,MT,30027
30029,Flathead,MT,30029
30031,Gallatin,MT,30031
30033,Garfield,MT,30033
30035,Glacier,MT,30035
30037,Golden Valley,MT,30037
30039,Granite,MT,30039
30041,Hill,MT,30041
30043,Jefferson,MT,30043
30045,Judith Basin,MT,30045
30047,Lake,MT,30047
30049,Lewis and Clark,MT,30049
30051,Liberty,MT,30051
30053,Lincoln,MT,30053
30055,McCone,MT,30055
30057,Madison,MT,30057
30059,Meagher,MT,30059
30061,Mineral,MT,30061
30063,Missoula,MT,30063
30065,Musselshell,MT,30065
30067,Park,MT,30067
30069,Petroleum,MT,30069
30071,Phillips,MT,30071
30073,Pondera,MT,30073
30075,Powder River,MT,30075
30077,Powell,MT,30077
30079,Prairie,MT,30079
30081,Ravalli,MT,30081
30083,Richland,MT,30083
30085,Roosevelt,MT,30085
30087,Rosebud,MT,30087
30089,Sanders,MT,30089
30091,Sheridan,MT,30091
30093,Silver Bow,MT,30093
30095,Stillwater,MT,30095
30097,Sweet Grass,MT,30097
30099,Teton,MT,30099
30101,Toole,MT,30101
30103,Treasure,MT,30103
30105,Valley,MT,30105
30107,Wheatland,MT,30107
30109,Wibaux,MT,30109
30111,Yellowstone,MT,30111
30113,Yellowstone Nat Park,MT,30113
31001,Adams,NE,31001
31003,Antelope,NE,31003
31005,Arthur,NE,31005
31007,Banner,NE,31007
31009,Blaine,NE,31009
31011,Boone,NE,31011
31013,Box Butte,NE,31013
31015,Boyd,NE,31015
31017,Brown,NE,31017
31019,Buffalo,NE,31019
31021,Burt,NE,31021
31023,Butler,NE,31023
31025,Cass,NE,31025
31027,Cedar,NE,31027
31029,Chase,NE,31029
31031,Cherry,NE,31031
31033,Cheyenne,NE,31033
31035,Clay,NE,31035
31037,Colfax,NE,31037
31039,Cuming,NE,31039
31041,Custer,NE,31041
31043,Dakota,NE,31043
31045,Dawes,NE,31045
31047,Dawson,NE,31047
31049,Deuel,NE,31049
31051,Dixon,NE,31051
31053,Dodge,NE,31053
31055,Douglas,NE,31055
31057,Dundy,NE,31057
31059,Fillmore,NE,31059
31061,Franklin,NE,31061
31063,Frontier,NE,31063
31065,Furnas,NE,31065
31067,Gage,NE,31067
31069,Garden,NE,31069
31071,Garfield,NE,31071
31073,Gosper,NE,31073
31075,Grant,NE,31075
31077,Greeley,NE,31077
31079,Hall,NE,31079
31081,Hamilton,NE,31081
31083,Harlan,NE,31083
31085,Hayes,NE,31085
31087,Hitchcock,NE,31087
31089,Holt,NE,31089
31091,Hooker,NE,31091
31093,Howard,NE,31093
31095,Jefferson,NE,31095
31097,Johnson,NE,31097
31099,Kearney,NE,31099
31101,Keith,NE,31101
31103,Keya Paha,NE,31103
31105,Kimball,NE,31105
31107,Knox,NE,31107
31109,Lancaster,NE,31109
31111,Lincoln,NE,31111
31113,Logan,NE,31113
31115,Loup,NE,31115
31117,McPherson,NE,31117
31119,Madison,NE,31119
31121,Merrick,NE,31121
31123,Morrill,NE,31123
31125,Nance,NE,31125
31127,Nemaha,NE,31127
31129,Nuckolls,NE,31129
31131,Otoe,NE,31131
31133,Pawnee,NE,31133
31135,Perkins,NE,31135
31137,Phelps,NE,31137
31139,Pierce,NE,31139
31141,Platte,NE,31141
31143,Polk,NE,31143
31145,Red Willow,NE,31145
31147,Richardson,NE,31147
31149,Rock,NE,31149
31151,Saline,NE,31151
31153,Sarpy,NE,31153
31155,Saunders,NE,31155
31157,Scotts Bluff,NE,31157
31159,Seward,NE,31159
31161,Sheridan,NE,31161
31163,Sherman,NE,31163
31165,Sioux,NE,31165
31167,Stanton,NE,31167
31169,Thayer,NE,31169
31171,Thomas,NE,31171
31173,Thurston,NE,31173
31175,Valley,NE,31175
31177,Washington,NE,31177
31179,Wayne,NE,31179
31181,Webster,NE,31181
31183,Wheeler,NE,31183
31185,York,NE,31185
32001,Churchill,NV,32001
32003,Clark,NV,32003
32005,Douglas,NV,32005
32007,Elko,NV,32007
32009,Esmeralda,NV,32009
32011,Eureka,NV,32011
32013,Humboldt,NV,32013
32015,Lander,NV,32015
32017,Lincoln,NV,32017
32019,Lyon,NV,32019
32021,Mineral,NV,32021
32023,Nye,NV,32023
32027,Pershing,NV,32027
32029,Storey,NV,32029
32031,Washoe,NV,32031
32033,White Pine,NV,32033
32510,Carson City,NV,32510
33001,Belknap,NH,33001
33003,Carroll,NH,33003
33005,Cheshire,NH,33005
33007,Coos,NH,33007
33009,Grafton,NH,33009
33011,Hillsborough,NH,33011
33013,Merrimack,NH,33013
33015,Rockingham,NH,33015
33017,Strafford,NH,33017
33019,Sullivan,NH,33019
34001,Atlantic,NJ,34001
34003,Bergen,NJ,34003
34005,Burlington,NJ,34005
34007,Camden,NJ,34007
34009,Cape May,NJ,34009
34011,Cumberland,NJ,34011
34013,Essex,NJ,34013
34015,Gloucester,NJ,34015
34017,Hudson,NJ,34017
34019,Hunterdon,NJ,34019
34021,Mercer,NJ,34021
34023,Middlesex,NJ,34023
34025,Monmouth,NJ,34025
34027,Morris,NJ,34027
34029,Ocean,NJ,34029
34031,Passaic,NJ,34031
34033,Salem,NJ,34033
34035,Somerset,NJ,34035
34037,Sussex,NJ,34037
34039,Union,NJ,34039
34041,Warren,NJ,34041
35001,Bernalillo,NM,35001
35003,Catron,NM,35003
35005,Chaves,NM,35005
35006,Cibola,NM,35006
35007,Colfax,NM,35007
35009,Curry,NM,35009
35011,De Baca,NM,35011
35013,Dona Ana,NM,35013
35015,Eddy,NM,35015
35017,Grant,NM,35017
35019,Guadalupe,NM,35019
35021,Harding,NM,35021
35023,Hidalgo,NM,35023
35025,Lea,NM,35025
35027,Lincoln,NM,35027
35028,Los Alamos,NM,35028
35029,Luna,NM,35029
35031,McKinley,NM,35031
35033,Mora,NM,35033
35035,Otero,NM,35035
35037,Quay,NM,35037
35039,Rio Arriba,NM,35039
35041,Roosevelt,NM,35041
35043,Sandoval,NM,35043
35045,San Juan,NM,35045
35047,San Miguel,NM,35047
35049,Santa Fe,NM,35049
35051,Sierra,NM,35051
35053,Socorro,NM,35053
35055,Taos,NM,35055
35057,Torrance,NM,35057
35059,Union,NM,35059
35061,Valencia,NM,35061
36001,Albany,NY,36001
36003,Allegany,NY,36003
36005,Bronx,NY,36005
36007,Broome,NY,36007
36009,Cattaraugus,NY,36009
36011,Cayuga,NY,36011
36013,Chautauqua,NY,36013
36015,Chemung,NY,36015
36017,Chenango,NY,36017
36019,Clinton,NY,36019
36021,Columbia,NY,36021
36023,Cortland,NY,36023
36025,Delaware,NY,36025
36027,Dutchess,NY,36027
36029,Erie,NY,36029
36031,Essex,NY,36031
36033,Franklin,NY,36033
36035,Fulton,NY,36035
36037,Genesee,NY,36037
36039,Greene,NY,36039
36041,Hamilton,NY,36041
36043,Herkimer,NY,36043
36045,Jefferson,NY,36045
36047,Kings,NY,36047
36049,Lewis,NY,36049
36051,Livingston,NY,36051
36053,Madison,NY,36053
36055,Monroe,NY,36055
36057,Montgomery,NY,36057
36059,Nassau,NY,36059
36061,New York,NY,36061
36063,Niagara,NY,36063
36065,Oneida,NY,36065
36067,Onondaga,NY,36067
36069,Ontario,NY,36069
36071,Orange,NY,36071
36073,Orleans,NY,36073
36075,Oswego,NY,36075
36077,Otsego,NY,36077
36079,Putnam,NY,36079
36081,Queens,NY,36081
36083,Rensselaer,NY,36083
36085,Richmond,NY,36085
36087,Rockland,NY,36087
36089,St Lawrence,NY,36089
36091,Saratoga,NY,36091
36093,Schenectady,NY,36093
36095,Schoharie,NY,36095
36097,Schuyler,NY,36097
36099,Seneca,NY,36099
36101,Steuben,NY,36101
36103,Suffolk,NY,36103
36105,Sullivan,NY,36105
36107,Tioga,NY,36107
36109,Tompkins,NY,36109
36111,Ulster,NY,36111
36113,Warren,NY,36113
36115,Washington,NY,36115
36117,Wayne,NY,36117
36119,Westchester,NY,36119
36121,Wyoming,NY,36121
36123,Yates,NY,36123
37001,Alamance,NC,37001
37003,Alexander,NC,37003
37005,Alleghany,NC,37005
37007,Anson,NC,37007
37009,Ashe,NC,37009
37011,Avery,NC,37011
37013,Beaufort,NC,37013
37015,Bertie,NC,37015
37017,Bladen,NC,37017
37019,Brunswick,NC,37019
37021,Buncombe,NC,37021
37023,Burke,NC,37023
37025,Cabarrus,NC,37025
37027,Caldwell,NC,37027
37029,Camden,NC,37029
37031,Carteret,NC,37031
37033,Caswell,NC,37033
37035,Catawba,NC,37035
37037,Chatham,NC,37037
37039,Cherokee,NC,37039
37041,Chowan,NC,37041
37043,Clay,NC,37043
37045,Cleveland,NC,37045
37047,Columbus,NC,37047
37049,Craven,NC,37049
37051,Cumberland,NC,37051
37053,Currituck,NC,37053
37055,Dare,NC,37055
37057,Davidson,NC,37057
37059,Davie,NC,37059
37061,Duplin,NC,37061
37063,Durham,NC,37063
37065,Edgecombe,NC,37065
37067,Forsyth,NC,37067
37069,Franklin,NC,37069
37071,Gaston,NC,37071
37073,Gates,NC,37073
37075,Graham,NC,37075
37077,Granville,NC,37077
37079,Greene,NC,37079
37081,Guilford,NC,37081
37083,Halifax,NC,37083
37085,Harnett,NC,37085
37087,Haywood,NC,37087
37089,Henderson,NC,37089
37091,Hertford,NC,37091
37093,Hoke,NC,37093
37095,Hyde,NC,37095
37097,Iredell,NC,37097
37099,Jackson,NC,37099
37101,Johnston,NC,37101
37103,Jones,NC,37103
37105,Lee,NC,37105
37107,Lenoir,NC,37107
37109,Lincoln,NC,37109
37111,McDowell,NC,37111
37113,Macon,NC,37113
37115,Madison,NC,37115
37117,Martin,NC,37117
37119,Mecklenburg,NC,37119
37121,Mitchell,NC,37121
37123,Montgomery,NC,37123
37125,Moore,NC,37125
37127,Nash,NC,37127
37129,New Hanover,NC,37129
37131,Northampton,NC,37131
37133,Onslow,NC,37133
37135,Orange,NC,37135
37137,Pamlico,NC,37137
37139,Pasquotank,NC,37139
37141,Pender,NC,37141
37143,Perquimans,NC,37143
37145,Person,NC,37145
37147,Pitt,NC,37147
37149,Polk,NC,37149
37151,Randolph,NC,37151
37153,Richmond,NC,37153
37155,Robeson,NC,37155
37157,Rockingham,NC,37157
37159,Rowan,NC,37159
37161,Rutherford,NC,37161
37163,Sampson,NC,37163
37165,Scotland,NC,37165
37167,Stanly,NC,37167
37169,Stokes,NC,37169
37171,Surry,NC,37171
37173,Swain,NC,37173
37175,Transylvania,NC,37175
37177,Tyrrell,NC,37177
37179,Union,NC,37179
37181,Vance,NC,37181
37183,Wake,NC,37183
37185,Warren,NC,37185
37187,Washington,NC,37187
37189,Watauga,NC,37189
37191,Wayne,NC,37191
37193,Wilkes,NC,37193
37195,Wilson,NC,37195
37197,Yadkin,NC,37197
37199,Yancey,NC,37199
38001,Adams,ND,38001
38003,Barnes,ND,38003
38005,Benson,ND,38005
38007,Billings,ND,38007
38009,Bottineau,ND,38009
38011,Bowman,ND,38011
38013,Burke,ND,38013
38015,Burleigh,ND,38015
38017,Cass,ND,38017
38019,Cavalier,ND,38019
38021,Dickey,ND,38021
38023,Divide,ND,38023
38025,Dunn,ND,38025
38027,Eddy,ND,38027
38029,Emmons,ND,38029
38031,Foster,ND,38031
38033,Golden Valley,ND,38033
38035,Grand Forks,ND,38035
38037,Grant,ND,38037
38039,Griggs,ND,38039
38041,Hettinger,ND,38041
38043,Kidder,ND,38043
38045,La Moure,ND,38045
38047,Logan,ND,38047
38049,McHenry,ND,38049
38051,McIntosh,ND,38051
38053,McKenzie,ND,38053
38055,McLean,ND,38055
38057,Mercer,ND,38057
38059,Morton,ND,38059
38061,Mountrail,ND,38061
38063,Nelson,ND,38063
38065,Oliver,ND,38065
38067,Pembina,ND,38067
38069,Pierce,ND,38069
38071,Ramsey,ND,38071
38073,Ransom,ND,38073
38075,Renville,ND,38075
38077,Richland,ND,38077
38079,Rolette,ND,38079
38081,Sargent,ND,38081
38083,Sheridan,ND,38083
38085,Sioux,ND,38085
38087,Slope,ND,38087
38089,Stark,ND,38089
38091,Steele,ND,38091
38093,Stutsman,ND,38093
38095,Towner,ND,38095
38097,Traill,ND,38097
38099,Walsh,ND,38099
38101,Ward,ND,38101
38103,Wells,ND,38103
38105,Williams,ND,38105
39001,Adams,OH,39001
39003,Allen,OH,39003
39005,Ashland,OH,39005
39007,Ashtabula,OH,39007
39009,Athens,OH,39009
39011,Auglaize,OH,39011
39013,Belmont,OH,39013
39015,Brown,OH,39015
39017,Butler,OH,39017
39019,Carroll,OH,39019
39021,Champaign,OH,39021
39023,Clark,OH,39023
39025,Clermont,OH,39025
39027,Clinton,OH,39027
39029,Columbiana,OH,39029
39031,Coshocton,OH,39031
39033,Crawford,OH,39033
39035,Cuyahoga,OH,39035
39037,Darke,OH,39037
39039,Defiance,OH,39039
39041,Delaware,OH,39041
39043,Erie,OH,39043
39045,Fairfield,OH,39045
39047,Fayette,OH,39047
39049,Franklin,OH,39049
39051,Fulton,OH,39051
39053,Gallia,OH,39053
39055,Geauga,OH,39055
39057,Greene,OH,39057
39059,Guernsey,OH,39059
39061,Hamilton,OH,39061
39063,Hancock,OH,39063
39065,Hardin,OH,39065
39067,Harrison,OH,39067
39069,Henry,OH,39069
39071,Highland,OH,39071
39073,Hocking,OH,39073
39075,Holmes,OH,39075
39077,Huron,OH,39077
39079,Jackson,OH,39079
39081,Jefferson,OH,39081
39083,Knox,OH,39083
39085,Lake,OH,39085
39087,Lawrence,OH,39087
39089,Licking,OH,39089
39091,Logan,OH,39091
39093,Lorain,OH,39093
39095,Lucas,OH,39095
39097,Madison,OH,39097
39099,Mahoning,OH,39099
39101,Marion,OH,39101
39103,Medina,OH,39103
39105,Meigs,OH,39105
39107,Mercer,OH,39107
39109,Miami,OH,39109
39111,Monroe,OH,39111
39113,Montgomery,OH,39113
39115,Morgan,OH,39115
39117,Morrow,OH,39117
39119,Muskingum,OH,39119
39121,Noble,OH,39121
39123,Ottawa,OH,39123
39125,Paulding,OH,39125
39127,Perry,OH,39127
39129,Pickaway,OH,39129
39131,Pike,OH,39131
39133,Portage,OH,39133
39135,Preble,OH,39135
39137,Putnam,OH,39137
39139,Richland,OH,39139
39141,Ross,OH,39141
39143,Sandusky,OH,39143
39145,Scioto,OH,39145
39147,Seneca,OH,39147
39149,Shelby,OH,39149
39151,Stark,OH,39151
39153,Summit,OH,39153
39155,Trumbull,OH,39155
39157,Tuscarawas,OH,39157
39159,Union,OH,39159
39161,Van Wert,OH,39161
39163,Vinton,OH,39163
39165,Warren,OH,39165
39167,Washington,OH,39167
39169,Wayne,OH,39169
39171,Williams,OH,39171
39173,Wood,OH,39173
39175,Wyandot,OH,39175
40001,Adair,OK,40001
40003,Alfalfa,OK,40003
40005,Atoka,OK,40005
40007,Beaver,OK,40007
40009,Beckham,OK,40009
40011,Blaine,OK,40011
40013,Bryan,OK,40013
40015,Caddo,OK,40015
40017,Canadian,OK,40017
40019,Carter,OK,40019
40021,Cherokee,OK,40021
40023,Choctaw,OK,40023
40025,Cimarron,OK,40025
40027,Cleveland,OK,40027
40029,Coal,OK,40029
40031,Comanche,OK,40031
40033,Cotton,OK,40033
40035,Craig,OK,40035
40037,Creek,OK,40037
40039,Custer,OK,40039
40041,Delaware,OK,40041
40043,Dewey,OK,40043
40045,Ellis,OK,40045
40047,Garfield,OK,40047
40049,Garvin,OK,40049
40051,Grady,OK,40051
40053,Grant,OK,40053
40055,Greer,OK,40055
40057,Harmon,OK,40057
40059,Harper,OK,40059
40061,Haskell,OK,40061
40063,Hughes,OK,40063
40065,Jackson,OK,40065
40067,Jefferson,OK,40067
40069,Johnston,OK,40069
40071,Kay,OK,40071
40073,Kingfisher,OK,40073
40075,Kiowa,OK,40075
40077,Latimer,OK,40077
40079,Le Flore,OK,40079
40081,Lincoln,OK,40081
40083,Logan,OK,40083
40085,Love,OK,40085
40087,McClain,OK,40087
40089,McCurtain,OK,40089
40091,McIntosh,OK,40091
40093,Major,OK,40093
40095,Marshall,OK,40095
40097,Mayes,OK,40097
40099,Murray,OK,40099
40101,Muskogee,OK,40101
40103,Noble,OK,40103
40105,Nowata,OK,40105
40107,Okfuskee,OK,40107
40109,Oklahoma,OK,40109
40111,Okmulgee,OK,40111
40113,Osage,OK,40113
40115,Ottawa,OK,40115
40117,Pawnee,OK,40117
40119,Payne,OK,40119
40121,Pittsburg,OK,40121
40123,Pontotoc,OK,40123
40125,Pottawatomie,OK,40125
40127,Pushmataha,OK,40127
40129,Roger Mills,OK,40129
40131,Rogers,OK,40131
40133,Seminole,OK,40133
40135,Sequoyah,OK,40135
40137,Stephens,OK,40137
40139,Texas,OK,40139
40141,Tillman,OK,40141
40143,Tulsa,OK,40143
40145,Wagoner,OK,40145
40147,Washington,OK,40147
40149,Washita,OK,40149
40151,Woods,OK,40151
40153,Woodward,OK,40153
41001,Baker,OR,41001
41003,Benton,OR,41003
41005,Clackamas,OR,41005
41007,Clatsop,OR,41007
41009,Columbia,OR,41009
41011,Coos,OR,41011
41013,Crook,OR,41013
41015,Curry,OR,41015
41017,Deschutes,OR,41017
41019,Douglas,OR,41019
41021,Gilliam,OR,41021
41023,Grant,OR,41023
41025,Harney,OR,41025
41027,Hood River,OR,41027
41029,Jackson,OR,41029
41031,Jefferson,OR,41031
41033,Josephine,OR,41033
41035,Klamath,OR,41035
41037,Lake,OR,41037
41039,Lane,OR,41039
41041,Lincoln,OR,41041
41043,Linn,OR,41043
41045,Malheur,OR,41045
41047,Marion,OR,41047
41049,Morrow,OR,41049
41051,Multnomah,OR,41051
41053,Polk,OR,41053
41055,Sherman,OR,41055
41057,Tillamook,OR,41057
41059,Umatilla,OR,41059
41061,Union,OR,41061
41063,Wallowa,OR,41063
41065,Wasco,OR,41065
41067,Washington,OR,41067
41069,Wheeler,OR,41069
41071,Yamhill,OR,41071
42001,Adams,PA,42001
42003,Allegheny,PA,42003
42005,Armstrong,PA,42005
42007,Beaver,PA,42007
42009,Bedford,PA,42009
42011,Berks,PA,42011
42013,Blair,PA,42013
42015,Bradford,PA,42015
42017,Bucks,PA,42017
42019,Butler,PA,42019
42021,Cambria,PA,42021
42023,Cameron,PA,42023
42025,Carbon,PA,42025
42027,Centre,PA,42027
42029,Chester,PA,42029
42031,Clarion,PA,42031
42033,Clearfield,PA,42033
42035,Clinton,PA,42035
42037,Columbia,PA,42037
42039,Crawford,PA,42039
42041,Cumberland,PA,42041
42043,Dauphin,PA,42043
42045,Delaware,PA,42045
42047,Elk,PA,42047
42049,Erie,PA,42049
42051,Fayette,PA,42051
42053,Forest,PA,42053
42055,Franklin,PA,42055
42057,Fulton,PA,42057
42059,Greene,PA,42059
42061,Huntingdon,PA,42061
42063,Indiana,PA,42063
42065,Jefferson,PA,42065
42067,Juniata,PA,42067
42069,Lackawanna,PA,42069
42071,Lancaster,PA,42071
42073,Lawrence,PA,42073
42075,Lebanon,PA,42075
42077,Lehigh,PA,42077
42079,Luzerne,PA,42079
42081,Lycoming,PA,42081
42083,McKean,PA,42083
42085,Mercer,PA,42085
42087,Mifflin,PA,42087
42089,Monroe,PA,42089
42091,Montgomery,PA,42091
42093,Montour,PA,42093
42095,Northampton,PA,42095
42097,Northumberland,PA,42097
42099,Perry,PA,42099
42101,Philadelphia,PA,42101
42103,Pike,PA,42103
42105,Potter,PA,42105
42107,Schuylkill,PA,42107
42109,Snyder,PA,42109
42111,Somerset,PA,42111
42113,Sullivan,PA,42113
42115,Susquehanna,PA,42115
42117,Tioga,PA,42117
42119,Union,PA,42119
42121,Venango,PA,42121
42123,Warren,PA,42123
42125,Washington,PA,42125
42127,Wayne,PA,42127
42129,Westmoreland,PA,42129
42131,Wyoming,PA,42131
42133,York,PA,42133
44001,Bristol,RI,44001
44003,Kent,RI,44003
44005,Newport,RI,44005
44007,Providence,RI,44007
44009,Washington,RI,44009
45001,Abbeville,SC,45001
45003,Aiken,SC,45003
45005,Allendale,SC,45005
45007,Anderson,SC,45007
45009,Bamberg,SC,45009
45011,Barnwell,SC,45011
45013,Beaufort,SC,45013
45015,Berkeley,SC,45015
45017,Calhoun,SC,45017
45019,Charleston,SC,45019
45021,Cherokee,SC,45021
45023,Chester,SC,45023
45025,Chesterfield,SC,45025
45027,Clarendon,SC,45027
45029,Colleton,SC,45029
45031,Darlington,SC,45031
45033,Dillon,SC,45033
45035,Dorchester,SC,45035
45037,Edgefield,SC,45037
45039,Fairfield,SC,45039
45041,Florence,SC,45041
45043,Georgetown,SC,45043
45045,Greenville,SC,45045
45047,Greenwood,SC,45047
45049,Hampton,SC,45049
45051,Horry,SC,45051
45053,Jasper,SC,45053
45055,Kershaw,SC,45055
45057,Lancaster,SC,45057
45059,Laurens,SC,45059
45061,Lee,SC,45061
45063,Lexington,SC,45063
45065,McCormick,SC,45065
45067,Marion,SC,45067
45069,Marlboro,SC,45069
45071,Newberry,SC,45071
45073,Oconee,SC,45073
45075,Orangeburg,SC,45075
45077,Pickens,SC,45077
45079,Richland,SC,45079
45081,Saluda,SC,45081
45083,Spartanburg,SC,45083
45085,Sumter,SC,45085
45087,Union,SC,45087
45089,Williamsburg,SC,45089
45091,York,SC,45091
46003,Aurora,SD,46003
46005,Beadle,SD,46005
46007,Bennett,SD,46007
46009,Bon Homme,SD,46009
46011,Brookings,SD,46011
46013,Brown,SD,46013
46015,Brule,SD,46015
46017,Buffalo,SD,46017
46019,Butte,SD,46019
46021,Campbell,SD,46021
46023,Charles Mix,SD,46023
46025,Clark,SD,46025
46027,Clay,SD,46027
46029,Codington,SD,46029
46031,Corson,SD,46031
46033,Custer,SD,46033
46035,Davison,SD,46035
46037,Day,SD,46037
46039,Deuel,SD,46039
46041,Dewey,SD,46041
46043,Douglas,SD,46043
46045,Edmunds,SD,46045
46047,Fall River,SD,46047
46049,Faulk,SD,46049
46051,Grant,SD,46051
46053,Gregory,SD,46053
46055,Haakon,SD,46055
46057,Hamlin,SD,46057
46059,Hand,SD,46059
46061,Hanson,SD,46061
46063,Harding,SD,46063
46065,Hughes,SD,46065
46067,Hutchinson,SD,46067
46069,Hyde,SD,46069
46071,Jackson,SD,46071
46073,Jerauld,SD,46073
46075,Jones,SD,46075
46077,Kingsbury,SD,46077
46079,Lake,SD,46079
46081,Lawrence,SD,46081
46083,Lincoln,SD,46083
46085,Lyman,SD,46085
46087,McCook,SD,46087
46089,McPherson,SD,46089
46091,Marshall,SD,46091
46093,Meade,SD,46093
46095,Mellette,SD,46095
46097,Miner,SD,46097
46099,Minnehaha,SD,46099
46101,Moody,SD,46101
46103,Pennington,SD,46103
46105,Perkins,SD,46105
46107,Potter,SD,46107
46109,Roberts,SD,46109
46111,Sanborn,SD,46111
46113,Shannon,SD,46113
46115,Spink,SD,46115
46117,Stanley,SD,46117
46119,Sully,SD,46119
46121,Todd,SD,46121
46123,Tripp,SD,46123
46125,Turner,SD,46125
46127,Union,SD,46127
46129,Walworth,SD,46129
46135,Yankton,SD,46135
46137,Ziebach,SD,46137
47001,Anderson,TN,47001
47003,Bedford,TN,47003
47005,Benton,TN,47005
47007,Bledsoe,TN,47007
47009,Blount,TN,47009
47011,Bradley,TN,47011
47013,Campbell,TN,47013
47015,Cannon,TN,47015
47017,Carroll,TN,47017
47019,Carter,TN,47019
47021,Cheatham,TN,47021
47023,Chester,TN,47023
47025,Claiborne,TN,47025
47027,Clay,TN,47027
47029,Cocke,TN,47029
47031,Coffee,TN,47031
47033,Crockett,TN,47033
47035,Cumberland,TN,47035
47037,Davidson,TN,47037
47039,Decatur,TN,47039
47041,De Kalb,TN,47041
47043,Dickson,TN,47043
47045,Dyer,TN,47045
47047,Fayette,TN,47047
47049,Fentress,TN,47049
47051,Franklin,TN,47051
47053,Gibson,TN,47053
47055,Giles,TN,47055
47057,Grainger,TN,47057
47059,Greene,TN,47059
47061,Grundy,TN,47061
47063,Hamblen,TN,47063
47065,Hamilton,TN,47065
47067,Hancock,TN,47067
47069,Hardeman,TN,47069
47071,Hardin,TN,47071
47073,Hawkins,TN,47073
47075,Haywood,TN,47075
47077,Henderson,TN,47077
47079,Henry,TN,47079
47081,Hickman,TN,47081
47083,Houston,TN,47083
47085,Humphreys,TN,47085
47087,Jackson,TN,47087
47089,Jefferson,TN,47089
47091,Johnson,TN,47091
47093,Knox,TN,47093
47095,Lake,TN,47095
47097,Lauderdale,TN,47097
47099,Lawrence,TN,47099
47101,Lewis,TN,47101
47103,Lincoln,TN,47103
47105,Loudon,TN,47105
47107,McMinn,TN,47107
47109,McNairy,TN,47109
47111,Macon,TN,47111
47113,Madison,TN,47113
47115,Marion,TN,47115
47117,Marshall,TN,47117
47119,Maury,TN,47119
47121,Meigs,TN,47121
47123,Monroe,TN,47123
47125,Montgomery,TN,47125
47127,Moore,TN,47127
47129,Morgan,TN,47129
47131,Obion,TN,47131
47133,Overton,TN,47133
47135,Perry,TN,47135
47137,Pickett,TN,47137
47139,Polk,TN,47139
47141,Putnam,TN,47141
47143,Rhea,TN,47143
47145,Roane,TN,47145
47147,Robertson,TN,47147
47149,Rutherford,TN,47149
47151,Scott,TN,47151
47153,Sequatchie,TN,47153
47155,Sevier,TN,47155
47157,Shelby,TN,47157
47159,Smith,TN,47159
47161,Stewart,TN,47161
47163,Sullivan,TN,47163
47165,Sumner,TN,47165
47167,Tipton,TN,47167
47169,Trousdale,TN,47169
47171,Unicoi,TN,47171
47173,Union,TN,47173
47175,Van Buren,TN,47175
47177,Warren,TN,47177
47179,Washington,TN,47179
47181,Wayne,TN,47181
47183,Weakley,TN,47183
47185,White,TN,47185
47187,Williamson,TN,47187
47189,Wilson,TN,47189
48001,Anderson,TX,48001
48003,Andrews,TX,48003
48005,Angelina,TX,48005
48007,Aransas,TX,48007
48009,Archer,TX,48009
48011,Armstrong,TX,48011
48013,Atascosa,TX,48013
48015,Austin,TX,48015
48017,Bailey,TX,48017
48019,Bandera,TX,48019
48021,Bastrop,TX,48021
48023,Baylor,TX,48023
48025,Bee,TX,48025
48027,Bell,TX,48027
48029,Bexar,TX,48029
48031,Blanco,TX,48031
48033,Borden,TX,48033
48035,Bosque,TX,48035
48037,Bowie,TX,48037
48039,Brazoria,TX,48039
48041,Brazos,TX,48041
48043,Brewster,TX,48043
48045,Briscoe,TX,48045
48047,Brooks,TX,48047
48049,Brown,TX,48049
48051,Burleson,TX,48051
48053,Burnet,TX,48053
48055,Caldwell,TX,48055
48057,Calhoun,TX,48057
48059,Callahan,TX,48059
48061,Cameron,TX,48061
48063,Camp,TX,48063
48065,Carson,TX,48065
48067,Cass,TX,48067
48069,Castro,TX,48069
48071,Chambers,TX,48071
48073,Cherokee,TX,48073
48075,Childress,TX,48075
48077,Clay,TX,48077
48079,Cochran,TX,48079
48081,Coke,TX,48081
48083,Coleman,TX,48083
48085,Collin,TX,48085
48087,Collingsworth,TX,48087
48089,Colorado,TX,48089
48091,Comal,TX,48091
48093,Comanche,TX,48093
48095,Concho,TX,48095
48097,Cooke,TX,48097
48099,Coryell,TX,48099
48101,Cottle,TX,48101
48103,Crane,TX,48103
48105,Crockett,TX,48105
48107,Crosby,TX,48107
48109,Culberson,TX,48109
48111,Dallam,TX,48111
48113,Dallas,TX,48113
48115,Dawson,TX,48115
48117,Deaf Smith,TX,48117
48119,Delta,TX,48119
48121,Denton,TX,48121
48123,De Witt,TX,48123
48125,Dickens,TX,48125
48127,Dimmit,TX,48127
48129,Donley,TX,48129
48131,Duval,TX,48131
48133,Eastland,TX,48133
48135,Ector,TX,48135
48137,Edwards,TX,48137
48139,Ellis,TX,48139
48141,El Paso,TX,48141
48143,Erath,TX,48143
48145,Falls,TX,48145
48147,Fannin,TX,48147
48149,Fayette,TX,48149
48151,Fisher,TX,48151
48153,Floyd,TX,48153
48155,Foard,TX,48155
48157,Fort Bend,TX,48157
48159,Franklin,TX,48159
48161,Freestone,TX,48161
48163,Frio,TX,48163
48165,Gaines,TX,48165
48167,Galveston,TX,48167
48169,Garza,TX,48169
48171,Gillespie,TX,48171
48173,Glasscock,TX,48173
48175,Goliad,TX,48175
48177,Gonzales,TX,48177
48179,Gray,TX,48179
48181,Grayson,TX,48181
48183,Gregg,TX,48183
48185,Grimes,TX,48185
48187,Guadalupe,TX,48187
48189,Hale,TX,48189
48191,Hall,TX,48191
48193,Hamilton,TX,48193
48195,Hansford,TX,48195
48197,Hardeman,TX,48197
48199,Hardin,TX,48199
48201,Harris,TX,48201
48203,Harrison,TX,48203
48205,Hartley,TX,48205
48207,Haskell,TX,48207
48209,Hays,TX,48209
48211,Hemphill,TX,48211
48213,Henderson,TX,48213
48215,Hidalgo,TX,48215
48217,Hill,TX,48217
48219,Hockley,TX,48219
48221,Hood,TX,48221
48223,Hopkins,TX,48223
48225,Houston,TX,48225
48227,Howard,TX,48227
48229,Hudspeth,TX,48229
48231,Hunt,TX,48231
48233,Hutchinson,TX,48233
48235,Irion,TX,48235
48237,Jack,TX,48237
48239,Jackson,TX,48239
48241,Jasper,TX,48241
48243,Jeff Davis,TX,48243
48245,Jefferson,TX,48245
48247,Jim Hogg,TX,48247
48249,Jim Wells,TX,48249
48251,Johnson,TX,48251
48253,Jones,TX,48253
48255,Karnes,TX,48255
48257,Kaufman,TX,48257
48259,Kendall,TX,48259
48261,Kenedy,TX,48261
48263,Kent,TX,48263
48265,Kerr,TX,48265
48267,Kimble,TX,48267
48269,King,TX,48269
48271,Kinney,TX,48271
48273,Kleberg,TX,48273
48275,Knox,TX,48275
48277,Lamar,TX,48277
48279,Lamb,TX,48279
48281,Lampasas,TX,48281
48283,La Salle,TX,48283
48285,Lavaca,TX,48285
48287,Lee,TX,48287
48289,Leon,TX,48289
48291,Liberty,TX,48291
48293,Limestone,TX,48293
48295,Lipscomb,TX,48295
48297,Live Oak,TX,48297
48299,Llano,TX,48299
48301,Loving,TX,48301
48303,Lubbock,TX,48303
48305,Lynn,TX,48305
48307,McCulloch,TX,48307
48309,McLennan,TX,48309
48311,McMullen,TX,48311
48313,Madison,TX,48313
48315,Marion,TX,48315
48317,Martin,TX,48317
48319,Mason,TX,48319
48321,Matagorda,TX,48321
48323,Maverick,TX,48323
48325,Medina,TX,48325
48327,Menard,TX,48327
48329,Midland,TX,48329
48331,Milam,TX,48331
48333,Mills,TX,48333
48335,Mitchell,TX,48335
48337,Montague,TX,48337
48339,Montgomery,TX,48339
48341,Moore,TX,48341
48343,Morris,TX,48343
48345,Motley,TX,48345
48347,Nacogdoches,TX,48347
48349,Navarro,TX,48349
48351,Newton,TX,48351
48353,Nolan,TX,48353
48355,Nueces,TX,48355
48357,Ochiltree,TX,48357
48359,Oldham,TX,48359
48361,Orange,TX,48361
48363,Palo Pinto,TX,48363
48365,Panola,TX,48365
48367,Parker,TX,48367
48369,Parmer,TX,48369
48371,Pecos,TX,48371
48373,Polk,TX,48373
48375,Potter,TX,48375
48377,Presidio,TX,48377
48379,Rains,TX,48379
48381,Randall,TX,48381
48383,Reagan,TX,48383
48385,Real,TX,48385
48387,Red River,TX,48387
48389,Reeves,TX,48389
48391,Refugio,TX,48391
48393,Roberts,TX,48393
48395,Robertson,TX,48395
48397,Rockwall,TX,48397
48399,Runnels,TX,48399
48401,Rusk,TX,48401
48403,Sabine,TX,48403
48405,San Augustine,TX,48405
48407,San Jacinto,TX,48407
48409,San Patricio,TX,48409
48411,San Saba,TX,48411
48413,Schleicher,TX,48413
48415,Scurry,TX,48415
48417,Shackelford,TX,48417
48419,Shelby,TX,48419
48421,Sherman,TX,48421
48423,Smith,TX,48423
48425,Somervell,TX,48425
48427,Starr,TX,48427
48429,Stephens,TX,48429
48431,Sterling,TX,48431
48433,Stonewall,TX,48433
48435,Sutton,TX,48435
48437,Swisher,TX,48437
48439,Tarrant,TX,48439
48441,Taylor,TX,48441
48443,Terrell,TX,48443
48445,Terry,TX,48445
48447,Throckmorton,TX,48447
48449,Titus,TX,48449
48451,Tom Green,TX,48451
48453,Travis,TX,48453
48455,Trinity,TX,48455
48457,Tyler,TX,48457
48459,Upshur,TX,48459
48461,Upton,TX,48461
48463,Uvalde,TX,48463
48465,Val Verde,TX,48465
48467,Van Zandt,TX,48467
48469,Victoria,TX,48469
48471,Walker,TX,48471
48473,Waller,TX,48473
48475,Ward,TX,48475
48477,Washington,TX,48477
48479,Webb,TX,48479
48481,Wharton,TX,48481
48483,Wheeler,TX,48483
48485,Wichita,TX,48485
48487,Wilbarger,TX,48487
48489,Willacy,TX,48489
48491,Williamson,TX,48491
48493,Wilson,TX,48493
48495,Winkler,TX,48495
48497,Wise,TX,48497
48499,Wood,TX,48499
48501,Yoakum,TX,48501
48503,Young,TX,48503
48505,Zapata,TX,48505
48507,Zavala,TX,48507
49001,Beaver,UT,49001
49003,Box Elder,UT,49003
49005,Cache,UT,49005
49007,Carbon,UT,49007
49009,Daggett,UT,49009
49011,Davis,UT,49011
49013,Duchesne,UT,49013
49015,Emery,UT,49015
49017,Garfield,UT,49017
49019,Grand,UT,49019
49021,Iron,UT,49021
49023,Juab,UT,49023
49025,Kane,UT,49025
49027,Millard,UT,49027
49029,Morgan,UT,49029
49031,Piute,UT,49031
49033,Rich,UT,49033
49035,Salt Lake,UT,49035
49037,San Juan,UT,49037
49039,Sanpete,UT,49039
49041,Sevier,UT,49041
49043,Summit,UT,49043
49045,Tooele,UT,49045
49047,Uintah,UT,49047
49049,Utah,UT,49049
49051,Wasatch,UT,49051
49053,Washington,UT,49053
49055,Wayne,UT,49055
49057,Weber,UT,49057
50001,Addison,VT,50001
50003,Bennington,VT,50003
50005,Caledonia,VT,50005
50007,Chittenden,VT,50007
50009,Essex,VT,50009
50011,Franklin,VT,50011
50013,Grand Isle,VT,50013
50015,Lamoille,VT,50015
50017,Orange,VT,50017
50019,Orleans,VT,50019
50021,Rutland,VT,50021
50023,Washington,VT,50023
50025,Windham,VT,50025
50027,Windsor,VT,50027
51001,Accomack,VA,51001
51003,Albemarle,VA,51003
51005,Alleghany,VA,51005
51007,Amelia,VA,51007
51009,Amherst,VA,51009
51011,Appomattox,VA,51011
51013,Arlington,VA,51013
51015,Augusta,VA,51015
51017,Bath,VA,51017
51019,Bedford,VA,51019
51021,Bland,VA,51021
51023,Botetourt,VA,51023
51025,Brunswick,VA,51025
51027,Buchanan,VA,51027
51029,Buckingham,VA,51029
51031,Campbell,VA,51031
51033,Caroline,VA,51033
51035,Carroll,VA,51035
51036,Charles City,VA,51036
51037,Charlotte,VA,51037
51041,Chesterfield,VA,51041
51043,Clarke,VA,51043
51045,Craig,VA,51045
51047,Culpeper,VA,51047
51049,Cumberland,VA,51049
51051,Dickenson,VA,51051
51053,Dinwiddie,VA,51053
51057,Essex,VA,51057
51059,Fairfax,VA,51059
51061,Fauquier,VA,51061
51063,Floyd,VA,51063
51065,Fluvanna,VA,51065
51067,Franklin,VA,51067
51069,Frederick,VA,51069
51071,Giles,VA,51071
51073,Gloucester,VA,51073
51075,Goochland,VA,51075
51077,Grayson,VA,51077
51079,Greene,VA,51079
51081,Greensville,VA,51081
51083,Halifax,VA,51083
51085,Hanover,VA,51085
51087,Henrico,VA,51087
51089,Henry,VA,51089
51091,Highland,VA,51091
51093,Isle of Wight,VA,51093
51095,James City,VA,51095
51097,King and Queen,VA,51097
51099,King George,VA,51099
51101,King William,VA,51101
51103,Lancaster,VA,51103
51105,Lee,VA,51105
51107,Loudoun,VA,51107
51109,Louisa,VA,51109
51111,Lunenburg,VA,51111
51113,Madison,VA,51113
51115,Mathews,VA,51115
51117,Mecklenburg,VA,51117
51119,Middlesex,VA,51119
51121,Montgomery,VA,51121
51125,Nelson,VA,51125
51127,New Kent,VA,51127
51131,Northampton,VA,51131
51133,Northumberland,VA,51133
51135,Nottoway,VA,51135
51137,Orange,VA,51137
51139,Page,VA,51139
51141,Patrick,VA,51141
51143,Pittsylvania,VA,51143
51145,Powhatan,VA,51145
51147,Prince Edward,VA,51147
51149,Prince George,VA,51149
51153,Prince William,VA,51153
51155,Pulaski,VA,51155
51157,Rappahannock,VA,51157
51159,Richmond,VA,51159
51161,Roanoke,VA,51161
51163,Rockbridge,VA,51163
51165,Rockingham,VA,51165
51167,Russell,VA,51167
51169,Scott,VA,51169
51171,Shenandoah,VA,51171
51173,Smyth,VA,51173
51175,Southampton,VA,51175
51177,Spotsylvania,VA,51177
51179,Stafford,VA,51179
51181,Surry,VA,51181
51183,Sussex,VA,51183
51185,Tazewell,VA,51185
51187,Warren,VA,51187
51191,Washington,VA,51191
51193,Westmoreland,VA,51193
51195,Wise,VA,51195
51197,Wythe,VA,51197
51199,York,VA,51199
51510,Alexandria City,VA,51510
51515,Bedford City,VA,51515
51520,Bristol City,VA,51520
51530,Buena Vista City,VA,51530
51540,Charlottesville City,VA,51540
51550,Chesapeake City,VA,51550
51560,Clifton Forge City,VA,51560
51570,Colonial Heights Cit,VA,51570
51580,Covington City,VA,51580
51590,Danville City,VA,51590
51595,Emporia City,VA,51595
51600,Fairfax City,VA,51600
51610,Falls Church City,VA,51610
51620,Franklin City,VA,51620
51630,Fredericksburg City,VA,51630
51640,Galax City,VA,51640
51650,Hampton City,VA,51650
51660,Harrisonburg City,VA,51660
51670,Hopewell City,VA,51670
51678,Lexington City,VA,51678
51680,Lynchburg City,VA,51680
51683,Manassas City,VA,51683
51685,Manassas Park City,VA,51685
51690,Martinsville City,VA,51690
51700,Newport News City,VA,51700
51710,Norfolk City,VA,51710
51720,Norton City,VA,51720
51730,Petersburg City,VA,51730
51735,Poquoson City,VA,51735
51740,Portsmouth City,VA,51740
51750,Radford City,VA,51750
51760,Richmond City,VA,51760
51770,Roanoke City,VA,51770
51775,Salem City,VA,51775
51780,South Boston City,VA,51780
51790,Staunton City,VA,51790
51800,Suffolk City,VA,51800
51810,Virginia Beach City,VA,51810
51820,Waynesboro City,VA,51820
51830,Williamsburg City,VA,51830
51840,Winchester City,VA,51840
53001,Adams,WA,53001
53003,Asotin,WA,53003
53005,Benton,WA,53005
53007,Chelan,WA,53007
53009,Clallam,WA,53009
53011,Clark,WA,53011
53013,Columbia,WA,53013
53015,Cowlitz,WA,53015
53017,Douglas,WA,53017
53019,Ferry,WA,53019
53021,Franklin,WA,53021
53023,Garfield,WA,53023
53025,Grant,WA,53025
53027,Grays Harbor,WA,53027
53029,Island,WA,53029
53031,Jefferson,WA,53031
53033,King,WA,53033
53035,Kitsap,WA,53035
53037,Kittitas,WA,53037
53039,Klickitat,WA,53039
53041,Lewis,WA,53041
53043,Lincoln,WA,53043
53045,Mason,WA,53045
53047,Okanogan,WA,53047
53049,Pacific,WA,53049
53051,Pend Oreille,WA,53051
53053,Pierce,WA,53053
53055,San Juan,WA,53055
53057,Skagit,WA,53057
53059,Skamania,WA,53059
53061,Snohomish,WA,53061
53063,Spokane,WA,53063
53065,Stevens,WA,53065
53067,Thurston,WA,53067
53069,Wahkiakum,WA,53069
53071,Walla Walla,WA,53071
53073,Whatcom,WA,53073
53075,Whitman,WA,53075
53077,Yakima,WA,53077
54001,Barbour,WV,54001
54003,Berkeley,WV,54003
54005,Boone,WV,54005
54007,Braxton,WV,54007
54009,Brooke,WV,54009
54011,Cabell,WV,54011
54013,Calhoun,WV,54013
54015,Clay,WV,54015
54017,Doddridge,WV,54017
54019,Fayette,WV,54019
54021,Gilmer,WV,54021
54023,Grant,WV,54023
54025,Greenbrier,WV,54025
54027,Hampshire,WV,54027
54029,Hancock,WV,54029
54031,Hardy,WV,54031
54033,Harrison,WV,54033
54035,Jackson,WV,54035
54037,Jefferson,WV,54037
54039,Kanawha,WV,54039
54041,Lewis,WV,54041
54043,Lincoln,WV,54043
54045,Logan,WV,54045
54047,McDowell,WV,54047
54049,Marion,WV,54049
54051,Marshall,WV,54051
54053,Mason,WV,54053
54055,Mercer,WV,54055
54057,Mineral,WV,54057
54059,Mingo,WV,54059
54061,Monongalia,WV,54061
54063,Monroe,WV,54063
54065,Morgan,WV,54065
54067,Nicholas,WV,54067
54069,Ohio,WV,54069
54071,Pendleton,WV,54071
54073,Pleasants,WV,54073
54075,Pocahontas,WV,54075
54077,Preston,WV,54077
54079,Putnam,WV,54079
54081,Raleigh,WV,54081
54083,Randolph,WV,54083
54085,Ritchie,WV,54085
54087,Roane,WV,54087
54089,Summers,WV,54089
54091,Taylor,WV,54091
54093,Tucker,WV,54093
54095,Tyler,WV,54095
54097,Upshur,WV,54097
54099,Wayne,WV,54099
54101,Webster,WV,54101
54103,Wetzel,WV,54103
54105,Wirt,WV,54105
54107,Wood,WV,54107
54109,Wyoming,WV,54109
55001,Adams,WI,55001
55003,Ashland,WI,55003
55005,Barron,WI,55005
55007,Bayfield,WI,55007
55009,Brown,WI,55009
55011,Buffalo,WI,55011
55013,Burnett,WI,55013
55015,Calumet,WI,55015
55017,Chippewa,WI,55017
55019,Clark,WI,55019
55021,Columbia,WI,55021
55023,Crawford,WI,55023
55025,Dane,WI,55025
55027,Dodge,WI,55027
55029,Door,WI,55029
55031,Douglas,WI,55031
55033,Dunn,WI,55033
55035,Eau Claire,WI,55035
55037,Florence,WI,55037
55039,Fond du Lac,WI,55039
55041,Forest,WI,55041
55043,Grant,WI,55043
55045,Green,WI,55045
55047,Green Lake,WI,55047
55049,Iowa,WI,55049
55051,Iron,WI,55051
55053,Jackson,WI,55053
55055,Jefferson,WI,55055
55057,Juneau,WI,55057
55059,Kenosha,WI,55059
55061,Kewaunee,WI,55061
55063,La Crosse,WI,55063
55065,Lafayette,WI,55065
55067,Langlade,WI,55067
55069,Lincoln,WI,55069
55071,Manitowoc,WI,55071
55073,Marathon,WI,55073
55075,Marinette,WI,55075
55077,Marquette,WI,55077
55078,Menominee,WI,55078
55079,Milwaukee,WI,55079
55081,Monroe,WI,55081
55083,Oconto,WI,55083
55085,Oneida,WI,55085
55087,Outagamie,WI,55087
55089,Ozaukee,WI,55089
55091,Pepin,WI,55091
55093,Pierce,WI,55093
55095,Polk,WI,55095
55097,Portage,WI,55097
55099,Price,WI,55099
55101,Racine,WI,55101
55103,Richland,WI,55103
55105,Rock,WI,55105
55107,Rusk,WI,55107
55109,St Croix,WI,55109
55111,Sauk,WI,55111
55113,Sawyer,WI,55113
55115,Shawano,WI,55115
55117,Sheboygan,WI,55117
55119,Taylor,WI,55119
55121,Trempealeau,WI,55121
55123,Vernon,WI,55123
55125,Vilas,WI,55125
55127,Walworth,WI,55127
55129,Washburn,WI,55129
55131,Washington,WI,55131
55133,Waukesha,WI,55133
55135,Waupaca,WI,55135
55137,Waushara,WI,55137
55139,Winnebago,WI,55139
55141,Wood,WI,55141
56001,Albany,WY,56001
56003,Big Horn,WY,56003
56005,Campbell,WY,56005
56007,Carbon,WY,56007
56009,Converse,WY,56009
56011,Crook,WY,56011
56013,Fremont,WY,56013
56015,Goshen,WY,56015
56017,Hot Springs,WY,56017
56019,Johnson,WY,56019
56021,Laramie,WY,56021
56023,Lincoln,WY,56023
56025,Natrona,WY,56025
56027,Niobrara,WY,56027
56029,Park,WY,56029
56031,Platte,WY,56031
56033,Sheridan,WY,56033
56035,Sublette,WY,56035
56037,Sweetwater,WY,56037
56039,Teton,WY,56039
56041,Uinta,WY,56041
56043,Washakie,WY,56043
56045,Weston,WY,56045
60010,Unknown,AS,60010
60020,Manua,AS,60020
60020,Ofu,AS,60020
60020,Olosega,AS,60020
60050,Tutuila,AS,60050
66010,Cocos Island,MP,66010
66010,Guam,GU,66010
69100,Rota,MP,69100
69110,Saipan,MP,69110
69120,Aguijan,MP,69120
69120,Tinian,MP,69120
72001,Adjuntas,PR,72001
72003,Aguada,PR,72003
72005,Aguadilla,PR,72005
72007,Aguas Buenas,PR,72007
72009,Aibonito,PR,72009
72011,Anasco,PR,72011
72013,Arecibo,PR,72013
72015,Arroyo,PR,72015
72017,Barceloneta,PR,72017
72019,Barranquitas,PR,72019
72021,Bayamon,PR,72021
72023,Cabo Rojo,PR,72023
72025,Caguas,PR,72025
72027,Camuy,PR,72027
72029,Canovanas,PR,72029
72031,Carolina,PR,72031
72033,Catano,PR,72033
72035,Cayey,PR,72035
72037,Ceiba,PR,72037
72041,Cidra,PR,72041
72043,Coamo,PR,72043
72045,Comerio,PR,72045
72047,Corozal,PR,72047
72049,Culebra,PR,72049
72051,Dorado,PR,72051
72053,Fajardo,PR,72053
72054,Florida,PR,72054
72055,Guanica,PR,72055
72057,Guayama,PR,72057
72059,Guayanilla,PR,72059
72061,Guaynabo,PR,72061
72063,Gurabo,PR,72063
72065,Hatillo,PR,72065
72067,Hormigueros,PR,72067
72071,Isabela,PR,72071
72073,Jayuya,PR,72073
72075,Juana Diaz,PR,72075
72077,Juncos,PR,72077
72079,Lajas,PR,72079
72081,Lares,PR,72081
72083,Las Marias,PR,72083
72085,Las Piedras,PR,72085
72087,Loiza,PR,72087
72089,Luquillo,PR,72089
72091,Manati,PR,72091
72093,Maricao,PR,72093
72095,Maunabo,PR,72095
72097,Mayaguez,PR,72097
72099,Moca,PR,72099
72101,Morovis,PR,72101
72103,Nabuabo,PR,72103
72105,Naranjito,PR,72105
72107,Orocovis,PR,72107
72109,Patillas,PR,72109
72111,Penuelas,PR,72111
72113,Ponce,PR,72113
72115,Quebradillas,PR,72115
72117,Rincon,PR,72117
72119,Rio Grande,PR,72119
72121,Sabana Grande,PR,72121
72123,Salinas,PR,72123
72125,San German,PR,72125
72127,San Juan,PR,72127
72129,San Lorenzo,PR,72129
72131,San Sabastian,PR,72131
72133,Santa Isabel,PR,72133
72135,Toa Alta,PR,72135
72137,Toa Baja,PR,72137
72139,Trujillo Alto,PR,72139
72141,Utuado,PR,72141
72143,Vega Alta,PR,72143
72145,Vega Baja,PR,72145
72147,Vieques,PR,72147
72149,Villalba,PR,72149
72151,Yabucoa,PR,72151
72153,Yauco,PR,72153
78010,St. Croix,VI,78010
78020,St. John,VI,78020
78030,St. Thomas,VI,78030
